Manufacturer,Category,Leather interior,Fuel type,Engine volume,Mileage(in km),Cylinders,Gear box type,Drive wheels,Doors,Wheel,Color,Airbags,Price
LEXUS,Jeep,1,Hybrid,3.5,18,6,Automatic,4x4,4-doors,Left wheel,Silver,12,1079568
CHEVROLET,Jeep,2,Petrol,3,19,6,Tiptronic,4x4,4-doors,Left wheel,Black,8,1346301
HONDA,Hatchback,2,Petrol,1.3,21,4,Variator,Front,4-doors,Right-hand drive,Black,2,685827
FORD,Jeep,1,Hybrid,2.5,16,4,Automatic,4x4,4-doors,Left wheel,White,0,292167
HONDA,Hatchback,1,Petrol,1.3,25,4,Automatic,Front,4-doors,Left wheel,Silver,4,949806
HYUNDAI,Jeep,1,Diesel,2,23,4,Automatic,Front,4-doors,Left wheel,White,4,3198933
TOYOTA,Hatchback,1,Hybrid,1.8,25,4,Automatic,Front,4-doors,Left wheel,White,12,146043
HYUNDAI,Sedan,1,Petrol,2.4,21,4,Automatic,Front,4-doors,Left wheel,Grey,12,44469
TOYOTA,Sedan,1,Hybrid,2.5,30,4,Automatic,Front,4-doors,Left wheel,Black,12,88938
LEXUS,Jeep,1,Petrol,3.5,12,6,Automatic,4x4,4-doors,Left wheel,Silver,12,2159217
MERCEDES-BENZ,Sedan,1,Diesel,3.5,18,6,Automatic,Rear,4-doors,Left wheel,White,12,76221
FORD,Microbus,2,CNG,4,10,8,Manual,Rear,2-doors,Left wheel,Blue,0,711261
OPEL,Goods wagon,2,CNG,1.6,15,4,Manual,Front,4-doors,Left wheel,White,4,243000
LEXUS,Jeep,1,Hybrid,3.5,18,6,Automatic,Front,4-doors,Left wheel,White,12,82539
HYUNDAI,Jeep,1,Diesel,2,19,4,Automatic,Front,4-doors,Left wheel,White,4,4816584
TOYOTA,Jeep,1,Petrol,2,21,4,Automatic,Front,4-doors,Left wheel,White,12,44469
HYUNDAI,Sedan,1,Petrol,1.8,16,4,Automatic,Front,4-doors,Left wheel,Blue,12,622323
HYUNDAI,Sedan,1,Petrol,1.8,25,4,Automatic,Front,4-doors,Left wheel,White,4,2298942
HYUNDAI,Sedan,1,Petrol,3.3,23,6,Automatic,Rear,4-doors,Left wheel,Blue,12,44469
LEXUS,Jeep,1,Hybrid,3.5,25,6,Automatic,4x4,4-doors,Left wheel,Black,12,76221
HYUNDAI,Sedan,1,Petrol,1.6,21,4,Automatic,Front,4-doors,Left wheel,Silver,4,1524906
TOYOTA,Sedan,1,Hybrid,1.8,30,4,Automatic,Front,4-doors,Left wheel,White,12,1676538
TOYOTA,Sedan,1,Petrol,2.5,12,4,Automatic,Front,4-doors,Left wheel,Black,12,1422522
FORD,Microbus,2,Diesel,2,18,4,Manual,Front,2-doors,Left wheel,White,0,635040
OPEL,Sedan,2,Petrol,1.8,10,4,Automatic,Front,4-doors,Left wheel,Green,4,381024
MERCEDES-BENZ,Sedan,1,Diesel,2.2,15,4,Tiptronic,Rear,4-doors,Left wheel,Black,8,1651185
LEXUS,Jeep,1,Petrol,4.7,18,8,Automatic,4x4,4-doors,Left wheel,White,0,44469
TOYOTA,Sedan,2,Hybrid,1.5,19,4,Automatic,Front,4-doors,Left wheel,White,8,2430
HYUNDAI,Sedan,1,Petrol,1.6,21,4,Automatic,Front,4-doors,Left wheel,Silver,4,1170774
TOYOTA,Jeep,1,Hybrid,3.3,16,6,Automatic,4x4,4-doors,Left wheel,Blue,12,977994
MERCEDES-BENZ,Goods wagon,2,Diesel,2,25,6,Manual,Rear,4-doors,Left wheel,White,4,1270161
PORSCHE,Jeep,1,Diesel,3,23,6,Automatic,4x4,4-doors,Left wheel,White,12,1574964
BMW,Jeep,1,CNG,4.4,25,8,Automatic,4x4,4-doors,Left wheel,Silver,6,558819
TOYOTA,Sedan,1,Hybrid,3.3,21,6,Automatic,4x4,4-doors,Left wheel,White,12,10125
JEEP,Jeep,1,Diesel,3,30,6,Tiptronic,4x4,4-doors,Left wheel,Black,10,1981422
HYUNDAI,Jeep,1,Diesel,2,12,4,Automatic,Front,4-doors,Left wheel,Grey,4,1882035
TOYOTA,Jeep,2,Petrol,2,18,4,Tiptronic,Front,4-doors,Left wheel,Red,12,4191426
HONDA,Hatchback,2,Hybrid,1.3,10,4,Automatic,Front,4-doors,Right-hand drive,Black,4,609687
HYUNDAI,Sedan,1,Petrol,1.6,15,4,Automatic,Front,4-doors,Left wheel,Silver,4,1548801
LEXUS,Jeep,1,Hybrid,3.5,18,6,Automatic,4x4,4-doors,Left wheel,Silver,12,25434
TOYOTA,Sedan,1,Petrol,2.4,19,4,Automatic,Front,4-doors,Left wheel,Blue,4,1981422
HYUNDAI,Universal,1,Diesel,2.5,21,4,Automatic,Front,4-doors,Left wheel,Black,4,3704454
VOLKSWAGEN,Sedan,1,Petrol,1.4,16,4,Tiptronic,Front,4-doors,Left wheel,Black,8,1633365
HYUNDAI,Sedan,1,Hybrid,2.4,25,4,Tiptronic,Front,4-doors,Left wheel,White,12,1727406
PORSCHE,Jeep,1,Petrol,3.6,23,6,Automatic,4x4,4-doors,Left wheel,Silver,12,44469
TOYOTA,Jeep,1,Petrol,4,25,6,Automatic,4x4,4-doors,Left wheel,Silver,12,17820
TOYOTA,Hatchback,2,Hybrid,1.5,21,4,Variator,Front,4-doors,Left wheel,Sky blue,8,1270161
HYUNDAI,Jeep,1,Diesel,2,30,4,Automatic,Front,4-doors,Left wheel,Black,4,4486590
TOYOTA,Hatchback,2,Hybrid,1.5,12,4,Automatic,Front,4-doors,Right-hand drive,Black,8,1016064
FORD,Jeep,2,Hybrid,2.3,18,4,Variator,4x4,4-doors,Left wheel,White,8,1397169
HONDA,Sedan,1,Petrol,2,10,4,Automatic,Front,4-doors,Left wheel,Blue,4,2826009
AUDI,Jeep,1,Petrol,3,15,6,Automatic,4x4,4-doors,Left wheel,Black,0,69822
RENAULT,Sedan,2,Diesel,1.5,18,4,Manual,Front,4-doors,Left wheel,White,10,1181223
MERCEDES-BENZ,Sedan,1,Petrol,2,19,4,Automatic,Rear,4-doors,Left wheel,Black,12,31752
AUDI,Jeep,1,Petrol,2,21,1,Tiptronic,4x4,4-doors,Left wheel,White,12,3118500
MERCEDES-BENZ,Coupe,2,Petrol,2,16,4,Manual,Rear,2-doors,Left wheel,Blue,0,711261
MERCEDES-BENZ,Jeep,1,Petrol,2,25,4,Tiptronic,4x4,4-doors,Left wheel,Grey,0,7056072
NISSAN,Jeep,1,Petrol,1.6,23,4,Automatic,4x4,4-doors,Left wheel,Black,0,114291
BMW,Sedan,1,Petrol,3,25,6,Automatic,Rear,4-doors,Left wheel,Black,12,31752
CHEVROLET,Sedan,2,Petrol,1.4,21,4,Automatic,Front,4-doors,Left wheel,Red,6,1905201
FORD,Sedan,2,Petrol,1.6,30,4,Tiptronic,Front,4-doors,Left wheel,Silver,8,1371735
TOYOTA,Minivan,1,Petrol,2.4,12,4,Automatic,Front,4-doors,Right-hand drive,Black,6,838269
NISSAN,Jeep,1,Petrol,1.6,18,4,Automatic,Front,4-doors,Left wheel,Black,0,584253
MERCEDES-BENZ,Sedan,2,Petrol,1.6,10,4,Tiptronic,Front,4-doors,Left wheel,Black,6,431811
HYUNDAI,Jeep,1,Diesel,2,15,4,Automatic,Front,4-doors,Left wheel,Grey,4,1662606
HYUNDAI,Sedan,1,CNG,2,18,4,Automatic,Front,4-doors,Left wheel,Orange,4,787482
HYUNDAI,Minivan,1,Diesel,2.5,19,4,Automatic,Front,4-doors,Left wheel,Silver,4,2807217
HYUNDAI,Minivan,1,Diesel,2.5,21,4,Automatic,Front,4-doors,Left wheel,Black,4,2961684
TOYOTA,Sedan,1,Hybrid,2.5,16,4,Automatic,Front,4-doors,Left wheel,White,12,25434
TOYOTA,Hatchback,2,Petrol,1.5,25,4,Manual,Front,4-doors,Right-hand drive,Sky blue,3,444528
HYUNDAI,Universal,1,Diesel,2.5,23,4,Automatic,Front,4-doors,Left wheel,Silver,4,2435103
CHEVROLET,Jeep,1,Diesel,2.2,25,4,Automatic,Front,4-doors,Left wheel,Silver,4,1279800
HYUNDAI,Universal,1,Diesel,2.5,21,4,Automatic,Front,4-doors,Left wheel,Grey,4,3560112
HYUNDAI,Jeep,1,Diesel,2,30,4,Automatic,Front,4-doors,Left wheel,Silver,4,4305474
TOYOTA,Hatchback,2,Hybrid,1.8,12,4,Automatic,Front,4-doors,Left wheel,White,8,1193940
FORD,Cabriolet,1,Petrol,2.3,18,4,Tiptronic,Rear,2-doors,Left wheel,Silver,6,3429297
MERCEDES-BENZ,Jeep,1,Petrol,3.5,10,6,Automatic,Rear,4-doors,Left wheel,White,12,304803
TOYOTA,Sedan,2,Petrol,1.8,15,4,Automatic,Front,4-doors,Left wheel,Silver,8,1473309
LEXUS,Jeep,1,Petrol,4.7,18,8,Automatic,4x4,4-doors,Left wheel,White,0,69822
FORD,Jeep,1,Hybrid,2.5,19,4,Automatic,Front,4-doors,Left wheel,White,0,17820
TOYOTA,Jeep,1,Hybrid,3.3,21,6,Automatic,4x4,4-doors,Left wheel,White,12,457245
TOYOTA,Sedan,1,Petrol,1.5,16,4,Automatic,Front,4-doors,Left wheel,White,12,609687
HONDA,Sedan,2,Hybrid,1.4,25,8,Automatic,4x4,4-doors,Right-hand drive,White,10,1778193
HONDA,Jeep,2,Petrol,2,23,4,Automatic,4x4,4-doors,Right-hand drive,White,2,660474
TOYOTA,Sedan,2,Petrol,2.5,25,4,Automatic,Front,4-doors,Left wheel,Black,0,1778193
HYUNDAI,Sedan,1,Petrol,1.6,21,4,Automatic,Front,4-doors,Left wheel,Black,4,1548801
HYUNDAI,Jeep,1,Diesel,2,30,4,Automatic,Front,4-doors,Left wheel,White,4,2921265
HONDA,Hatchback,1,Hybrid,1.3,12,4,Tiptronic,Front,4-doors,Right-hand drive,Green,12,711261
CHEVROLET,Sedan,1,Petrol,1.8,18,4,Automatic,Front,4-doors,Left wheel,Black,4,506007
CHEVROLET,Jeep,1,Diesel,2,10,4,Automatic,Front,4-doors,Left wheel,Grey,4,1319409
MERCEDES-BENZ,Jeep,1,Petrol,5.5,15,8,Automatic,4x4,4-doors,Left wheel,Black,10,6299775
BMW,Sedan,1,Petrol,2,18,6,Manual,Rear,4-doors,Left wheel,Blue,2,228582
SUBARU,Jeep,1,Petrol,2.5,19,4,Automatic,4x4,4-doors,Left wheel,Blue,0,44469
DAEWOO,Sedan,1,Petrol,2,21,4,Automatic,Front,4-doors,Left wheel,Black,4,565461
HYUNDAI,Sedan,2,Petrol,2,16,4,Tiptronic,Front,4-doors,Left wheel,Black,12,2210004
BMW,Coupe,1,Petrol,2,25,4,Automatic,Rear,2-doors,Left wheel,Black,12,2667249
NISSAN,Jeep,2,Diesel,2.8,23,4,Manual,Rear,4-doors,Left wheel,Black,0,1524177
HONDA,Hatchback,1,Petrol,1.4,25,4,Manual,Front,2-doors,Left wheel,Blue,6,342954
MERCEDES-BENZ,Sedan,1,Petrol,3.2,21,6,Tiptronic,Rear,4-doors,Left wheel,Grey,8,1219293
HYUNDAI,Coupe,1,Petrol,2,30,4,Automatic,Front,4-doors,Left wheel,Black,4,1252098
CHEVROLET,Sedan,1,Petrol,1.4,12,4,Automatic,Front,4-doors,Left wheel,Green,12,234981
PORSCHE,Coupe,1,Petrol,3.8,18,6,Automatic,Rear,2-doors,Left wheel,Black,12,57186
FORD,Sedan,1,Hybrid,2,10,4,Automatic,Front,4-doors,Left wheel,Black,12,25434
LEXUS,Jeep,1,Petrol,4.6,15,8,Automatic,4x4,4-doors,Left wheel,Silver,0,1270161
MERCEDES-BENZ,Microbus,2,Diesel,2.2,18,4,Manual,Rear,4-doors,Left wheel,White,1,2159217
TOYOTA,Hatchback,2,Petrol,1.5,19,4,Automatic,Front,4-doors,Left wheel,Silver,6,863703
FORD,Sedan,2,Petrol,2,21,4,Automatic,Front,4-doors,Left wheel,Sky blue,10,1041498
BMW,Jeep,1,Diesel,3,16,6,Automatic,4x4,4-doors,Left wheel,Black,12,82539
BMW,Sedan,1,Hybrid,3,25,6,Automatic,Rear,4-doors,Left wheel,White,12,44469
KIA,Hatchback,2,Petrol,1.2,23,4,Manual,Front,4-doors,Left wheel,Silver,2,1041498
BMW,Sedan,1,CNG,3,25,6,Tiptronic,Rear,4-doors,Left wheel,White,12,1215000
FORD,Jeep,1,Petrol,2.3,21,4,Automatic,Front,4-doors,Left wheel,Black,4,6929793
HYUNDAI,Universal,1,Diesel,2.5,30,4,Automatic,Front,4-doors,Left wheel,Grey,4,3624912
HYUNDAI,Sedan,1,Petrol,1.6,12,4,Automatic,Front,4-doors,Left wheel,White,4,1389798
MITSUBISHI,Jeep,2,CNG,2.4,18,4,Tiptronic,4x4,4-doors,Right-hand drive,White,16,990711
MERCEDES-BENZ,Sedan,1,Petrol,5,10,12,Tiptronic,Rear,4-doors,Right-hand drive,White,12,965277
MITSUBISHI,Sedan,2,Petrol,1.3,15,4,Manual,Rear,4-doors,Left wheel,Red,0,101574
HONDA,Hatchback,2,Petrol,1.5,18,4,Variator,Front,4-doors,Right-hand drive,Silver,4,7614
SSANGYONG,Jeep,1,Diesel,2,19,4,Automatic,Front,4-doors,Left wheel,Silver,4,2072871
HYUNDAI,Jeep,1,Diesel,2,21,4,Automatic,Front,4-doors,Left wheel,White,4,1206657
TOYOTA,Sedan,1,Hybrid,2.5,16,4,Tiptronic,Front,4-doors,Left wheel,White,12,1905201
RENAULT,Hatchback,2,Petrol,1.2,25,3,Manual,Front,2-doors,Left wheel,Green,0,279450
MAZDA,Sedan,1,Petrol,2.5,23,4,Automatic,Front,4-doors,Left wheel,Red,12,57186
TOYOTA,Sedan,1,Hybrid,3.3,25,6,Automatic,4x4,4-doors,Left wheel,Black,12,82539
FORD,Sedan,1,Petrol,2,21,4,Automatic,Front,4-doors,Left wheel,Black,0,1371735
TOYOTA,Sedan,1,Petrol,2.5,30,4,Tiptronic,Front,4-doors,Left wheel,Black,6,1574964
HYUNDAI,Sedan,1,CNG,2,12,4,Automatic,Front,4-doors,Left wheel,Silver,4,939924
HYUNDAI,Jeep,1,Diesel,2,18,4,Automatic,Front,4-doors,Left wheel,Blue,4,4209165
TOYOTA,Sedan,1,Hybrid,2.5,10,4,Automatic,Front,4-doors,Left wheel,Grey,12,57186
MERCEDES-BENZ,Sedan,2,Diesel,2.2,15,4,Manual,Rear,4-doors,Left wheel,Silver,4,762048
HYUNDAI,Minivan,1,Diesel,2.5,18,4,Automatic,Front,4-doors,Left wheel,Yellow,4,1079568
NISSAN,Minivan,2,Petrol,2,19,4,Tiptronic,Front,4-doors,Right-hand drive,White,12,1447956
NISSAN,Sedan,1,Petrol,3.5,21,6,Automatic,Front,4-doors,Left wheel,Grey,12,44469
TOYOTA,Jeep,2,Petrol,2.4,16,4,Automatic,4x4,4-doors,Left wheel,Silver,8,1625751
HYUNDAI,Minivan,1,Diesel,2.5,25,4,Automatic,Front,4-doors,Left wheel,Yellow,4,1854414
HONDA,Sedan,1,Hybrid,1.5,23,4,Automatic,Front,4-doors,Left wheel,White,0,234981
MITSUBISHI,Jeep,2,Petrol,2.4,25,4,Automatic,4x4,2-doors,Left wheel,Blue,6,1270161
LEXUS,Jeep,1,Petrol,4.6,21,8,Automatic,4x4,4-doors,Left wheel,Black,0,3226149
LEXUS,Jeep,1,Petrol,4.6,30,8,Automatic,4x4,4-doors,Left wheel,Black,0,57186
HYUNDAI,Sedan,1,Petrol,2.4,12,4,Tiptronic,Front,4-doors,Left wheel,Black,6,1511460
MERCEDES-BENZ,Sedan,1,Petrol,2,18,4,Automatic,Rear,4-doors,Left wheel,Black,12,1828980
HYUNDAI,Sedan,1,CNG,2,10,4,Automatic,Front,4-doors,Left wheel,Silver,4,939924
CHEVROLET,Hatchback,1,Hybrid,1.4,15,4,Automatic,Front,4-doors,Left wheel,Brown,0,25434
GMC,Jeep,1,Petrol,2.4,18,4,Automatic,Front,4-doors,Left wheel,Black,12,444528
MERCEDES-BENZ,Universal,2,Diesel,2.5,19,4,Manual,Rear,4-doors,Left wheel,Black,1,348300
TOYOTA,Sedan,1,Hybrid,2.5,21,4,Automatic,Front,4-doors,Left wheel,White,12,1524177
HONDA,Jeep,2,Petrol,1.8,16,4,Automatic,4x4,4-doors,Left wheel,Grey,8,1714689
FIAT,Coupe,2,Petrol,1.2,25,4,Automatic,Front,2-doors,Right-hand drive,Red,4,736695
VOLKSWAGEN,Sedan,1,Diesel,2,23,4,Automatic,Front,4-doors,Left wheel,Silver,12,127008
SUBARU,Goods wagon,2,Petrol,2,25,6,Tiptronic,4x4,4-doors,Right-hand drive,Blue,6,254016
HYUNDAI,Sedan,1,Petrol,1.8,21,4,Tiptronic,Front,4-doors,Left wheel,Grey,12,1447956
HYUNDAI,Sedan,1,CNG,2,30,4,Automatic,Front,4-doors,Left wheel,Silver,4,914490
TOYOTA,Minivan,1,Petrol,3.5,12,6,Tiptronic,Front,4-doors,Left wheel,White,16,2921265
TOYOTA,Sedan,1,Hybrid,2.5,18,4,Automatic,Front,4-doors,Left wheel,White,12,69822
HYUNDAI,Universal,1,Diesel,2.5,10,4,Automatic,Front,4-doors,Left wheel,Silver,4,1732995
HYUNDAI,Sedan,1,CNG,2,15,4,Automatic,Front,4-doors,Left wheel,Silver,4,1270161
CHEVROLET,Jeep,1,Hybrid,1.4,18,4,Automatic,Front,4-doors,Left wheel,Red,0,50787
TOYOTA,Hatchback,1,Petrol,1.5,19,4,Automatic,Front,4-doors,Left wheel,Black,4,3245670
MERCEDES-BENZ,Hatchback,2,Petrol,1.7,21,4,Automatic,Front,4-doors,Left wheel,Golden,8,965277
LEXUS,Jeep,1,Petrol,2,16,4,Tiptronic,Front,4-doors,Left wheel,Black,6,5842530
SSANGYONG,Jeep,1,Diesel,2,25,4,Automatic,Front,4-doors,Left wheel,Silver,4,2910087
TOYOTA,Sedan,2,Hybrid,1.8,23,4,Automatic,4x4,4-doors,Left wheel,White,4,1701972
TOYOTA,Sedan,1,Petrol,3.5,25,6,Automatic,Front,4-doors,Left wheel,Grey,12,1701972
KIA,Minivan,1,Diesel,2.9,21,4,Automatic,Front,4-doors,Left wheel,White,6,1066932
HYUNDAI,Coupe,1,Petrol,2,30,4,Automatic,Front,4-doors,Left wheel,Grey,4,1265544
OPEL,Sedan,2,Petrol,1.6,12,4,Manual,Front,4-doors,Left wheel,Beige,2,368307
INFINITI,Jeep,1,Petrol,3.5,18,6,Automatic,4x4,4-doors,Left wheel,Black,12,444528
HYUNDAI,Sedan,1,Petrol,1.6,10,4,Automatic,Front,4-doors,Left wheel,White,4,1620405
VOLKSWAGEN,Sedan,1,Petrol,1.8,15,6,Tiptronic,Front,4-doors,Left wheel,Silver,8,2924910
MERCEDES-BENZ,Sedan,1,Petrol,2.4,18,6,Manual,Rear,4-doors,Left wheel,Blue,4,635040
MAZDA,Jeep,1,Petrol,2,19,4,Automatic,4x4,4-doors,Left wheel,Black,12,38070
AUDI,Coupe,1,Petrol,0.5,21,1,Tiptronic,Rear,5 or more,Right-hand drive,Blue,0,105300
HYUNDAI,Jeep,1,Diesel,2,16,4,Automatic,Front,4-doors,Left wheel,Silver,4,3554280
MERCEDES-BENZ,Sedan,1,Petrol,1.8,25,4,Tiptronic,Rear,4-doors,Left wheel,Grey,8,2387799
TOYOTA,Sedan,1,Hybrid,2.5,23,4,Variator,Front,4-doors,Left wheel,White,12,1397169
TOYOTA,Universal,2,Petrol,1.5,25,4,Automatic,4x4,4-doors,Right-hand drive,Silver,2,762048
HYUNDAI,Jeep,1,Diesel,2,21,4,Automatic,Front,4-doors,Left wheel,Red,4,3581253
BMW,Sedan,1,Petrol,2.5,30,6,Manual,Rear,4-doors,Left wheel,Grey,6,685827
AUDI,Sedan,1,Petrol,3,12,6,Automatic,4x4,4-doors,Left wheel,Silver,12,50787
FORD,Goods wagon,2,Diesel,2.4,18,4,Manual,4x4,4-doors,Left wheel,White,2,1777950
FIAT,Hatchback,1,Petrol,1.4,10,4,Automatic,Front,4-doors,Left wheel,Red,12,57186
CHEVROLET,Sedan,1,Petrol,1.4,15,4,Automatic,Front,4-doors,Left wheel,Black,12,254016
OPEL,Sedan,2,CNG,2,18,4,Manual,Front,4-doors,Left wheel,White,2,279450
MITSUBISHI,Jeep,2,Petrol,3.5,19,6,Tiptronic,4x4,4-doors,Right-hand drive,Silver,4,762048
NISSAN,Jeep,1,CNG,4,21,6,Tiptronic,4x4,4-doors,Left wheel,Black,12,2551500
MITSUBISHI,Minivan,1,Petrol,3,16,6,Automatic,4x4,4-doors,Right-hand drive,White,12,1651185
MERCEDES-BENZ,Sedan,1,Diesel,3.5,25,6,Automatic,4x4,4-doors,Left wheel,Silver,12,25434
VOLKSWAGEN,Sedan,2,CNG,2,23,4,Manual,Front,4-doors,Left wheel,Green,0,186300
MERCEDES-BENZ,Universal,2,CNG,1.9,25,4,Tiptronic,Front,4-doors,Left wheel,Silver,4,635040
TOYOTA,Sedan,1,Petrol,2.5,21,4,Tiptronic,Front,4-doors,Left wheel,Blue,12,4572450
VOLKSWAGEN,Universal,1,Diesel,2,30,4,Automatic,Front,4-doors,Left wheel,Grey,12,120690
TOYOTA,Sedan,1,Petrol,2.7,12,4,Automatic,Rear,4-doors,Left wheel,Black,12,50787
MERCEDES-BENZ,Sedan,1,Diesel,3.5,18,6,Automatic,4x4,4-doors,Left wheel,Silver,12,25434
HONDA,Jeep,2,Petrol,2.4,10,4,Automatic,4x4,4-doors,Left wheel,Silver,6,1066932
NISSAN,Jeep,2,Diesel,2.8,15,4,Manual,Rear,4-doors,Left wheel,Black,0,1600317
AUDI,Hatchback,1,Petrol,3,18,6,Automatic,4x4,4-doors,Left wheel,Grey,0,381024
HYUNDAI,Sedan,1,Petrol,2.4,19,4,Automatic,Front,4-doors,Left wheel,Black,12,57186
MERCEDES-BENZ,Sedan,1,Diesel,3.5,21,6,Automatic,Rear,4-doors,Left wheel,Grey,12,469962
TOYOTA,Sedan,2,Petrol,2.5,16,4,Automatic,Front,4-doors,Left wheel,Silver,8,2082996
CHEVROLET,Jeep,1,CNG,2,25,4,Automatic,Front,4-doors,Left wheel,White,4,1168506
TOYOTA,Jeep,2,Petrol,2,23,4,Automatic,4x4,2-doors,Right-hand drive,Silver,4,876420
FORD,Jeep,1,Petrol,3.5,25,4,Automatic,Front,4-doors,Left wheel,White,4,3680316
HYUNDAI,Hatchback,2,Diesel,1.6,21,4,Manual,Front,4-doors,Left wheel,Black,8,965277
HYUNDAI,Jeep,1,Diesel,2,30,4,Automatic,Front,4-doors,Left wheel,Black,4,3343761
NISSAN,Sedan,2,Petrol,2.4,12,4,Manual,Front,4-doors,Left wheel,Brown,2,355671
PORSCHE,Sedan,1,Petrol,3.6,18,6,Automatic,4x4,4-doors,Left wheel,White,12,247698
ALFA ROMEO,Coupe,1,Petrol,1.8,10,4,Manual,Front,2-doors,Left wheel,Black,4,299700
SUZUKI,Jeep,2,Petrol,1.6,15,4,Automatic,4x4,2-doors,Left wheel,Black,12,1270161
LEXUS,Hatchback,1,Hybrid,1.8,18,4,Automatic,Front,4-doors,Left wheel,Black,0,533466
TOYOTA,Hatchback,2,Hybrid,1.5,19,4,Automatic,Front,4-doors,Left wheel,Beige,6,1016064
HYUNDAI,Jeep,1,Diesel,2,21,4,Automatic,Front,4-doors,Left wheel,White,4,2435103
PORSCHE,Hatchback,1,Petrol,4.8,16,8,Tiptronic,4x4,4-doors,Left wheel,White,8,5842530
HYUNDAI,Hatchback,2,Petrol,1.6,25,4,Tiptronic,Front,2-doors,Left wheel,Red,10,1752759
TOYOTA,Jeep,2,Petrol,2.5,23,4,Tiptronic,Front,4-doors,Left wheel,White,0,2972052
HONDA,Hatchback,2,Petrol,1.5,25,4,Automatic,Front,4-doors,Right-hand drive,Silver,4,2430
TOYOTA,Hatchback,2,Hybrid,1.5,21,4,Variator,Front,4-doors,Right-hand drive,Silver,4,990711
TOYOTA,Sedan,2,Petrol,1.5,30,4,Variator,Front,4-doors,Right-hand drive,Beige,4,254016
TOYOTA,Sedan,1,Hybrid,1.8,12,4,Variator,Front,4-doors,Left wheel,Grey,6,863703
HONDA,Hatchback,1,Petrol,1.3,18,4,Automatic,Front,4-doors,Left wheel,White,4,455220
MERCEDES-BENZ,Sedan,1,Petrol,5.5,10,4,Automatic,Front,4-doors,Left wheel,Grey,10,1549530
HONDA,Hatchback,2,Hybrid,1.3,15,4,Variator,Front,4-doors,Right-hand drive,Black,4,762048
HYUNDAI,Sedan,1,Petrol,1.8,18,4,Tiptronic,Front,4-doors,Left wheel,Grey,6,243
VOLKSWAGEN,Sedan,1,Diesel,2,19,4,Tiptronic,Front,4-doors,Left wheel,White,16,1244727
CHEVROLET,Sedan,1,Petrol,5.3,21,8,Automatic,Front,4-doors,Left wheel,Black,12,482679
HYUNDAI,Minivan,1,Diesel,2.5,16,4,Automatic,Front,4-doors,Left wheel,Silver,4,2154114
TOYOTA,Sedan,1,Hybrid,2.5,25,4,Tiptronic,Front,4-doors,Left wheel,Beige,12,2921265
KIA,Sedan,1,Diesel,1.6,23,4,Tiptronic,Front,4-doors,Left wheel,Silver,8,2133783
MAZDA,Sedan,1,Petrol,2.5,25,4,Automatic,Front,4-doors,Left wheel,Black,12,44469
JEEP,Jeep,2,Petrol,4,21,6,Automatic,4x4,4-doors,Left wheel,Green,5,486000
LEXUS,Jeep,1,Petrol,4.6,30,8,Automatic,4x4,4-doors,Left wheel,Grey,0,3251502
HYUNDAI,Sedan,2,Petrol,1.8,12,4,Tiptronic,Front,4-doors,Left wheel,Grey,10,1134000
CHEVROLET,Sedan,1,Petrol,1.4,18,4,Automatic,Front,4-doors,Left wheel,White,4,1451763
HYUNDAI,Jeep,1,Petrol,1.6,10,4,Automatic,Front,4-doors,Left wheel,Black,4,4415958
OPEL,Hatchback,2,Petrol,1.6,15,4,Manual,Front,4-doors,Left wheel,Silver,6,838269
TOYOTA,Hatchback,2,Petrol,1.3,18,4,Automatic,Front,4-doors,Right-hand drive,Silver,7,660474
FORD,Jeep,1,Hybrid,0.4,19,4,Automatic,Front,4-doors,Left wheel,Grey,0,22842
VOLKSWAGEN,Sedan,1,Diesel,2,21,4,Automatic,Front,4-doors,Left wheel,Grey,12,609687
TOYOTA,Sedan,1,Petrol,2.5,16,4,Automatic,Front,4-doors,Left wheel,White,12,279450
HYUNDAI,Jeep,1,Diesel,2,25,4,Automatic,Front,4-doors,Left wheel,White,4,1787103
HONDA,Sedan,1,Hybrid,1.5,23,4,Automatic,Front,4-doors,Left wheel,White,0,234981
TOYOTA,Sedan,1,Petrol,1.8,25,4,Automatic,Front,4-doors,Left wheel,Silver,12,381024
VOLKSWAGEN,Sedan,1,Petrol,2.8,21,6,Manual,Front,4-doors,Left wheel,Grey,6,431811
VOLKSWAGEN,Sedan,1,Diesel,2,30,4,Automatic,Front,4-doors,Left wheel,Black,12,76221
HONDA,Hatchback,1,Petrol,1.5,12,4,Automatic,Front,4-doors,Left wheel,Blue,4,1368900
NISSAN,Jeep,1,Petrol,2.5,18,4,Automatic,4x4,4-doors,Left wheel,Silver,4,1473309
MAZDA,Minivan,2,Petrol,2.5,10,4,Automatic,Front,4-doors,Left wheel,Green,4,431811
MERCEDES-BENZ,Jeep,1,Petrol,2,15,4,Automatic,4x4,4-doors,Left wheel,Black,0,3454731
TOYOTA,Hatchback,2,Hybrid,1.8,18,4,Automatic,Front,4-doors,Left wheel,Red,7,1257444
BMW,Sedan,1,Petrol,3,19,6,Tiptronic,Rear,4-doors,Left wheel,Grey,10,1397169
LEXUS,Sedan,1,Petrol,3.5,21,6,Tiptronic,Rear,4-doors,Left wheel,Black,12,5918751
FORD,Sedan,1,Hybrid,2,16,4,Automatic,Front,4-doors,Left wheel,Black,0,69822
HYUNDAI,Sedan,1,Diesel,1.6,25,4,Automatic,Front,4-doors,Left wheel,White,4,2341629
HYUNDAI,Sedan,1,CNG,2,23,4,Automatic,Front,4-doors,Left wheel,Black,4,685827
TOYOTA,Sedan,2,Hybrid,1.5,25,4,Automatic,Rear,4-doors,Right-hand drive,Sky blue,0,4050
HYUNDAI,Sedan,1,CNG,2,21,4,Automatic,Front,4-doors,Left wheel,White,4,1168506
VOLKSWAGEN,Minivan,2,Petrol,1.4,30,4,Automatic,Front,4-doors,Right-hand drive,Silver,6,729000
MERCEDES-BENZ,Sedan,1,Diesel,3.5,12,6,Automatic,4x4,4-doors,Left wheel,Black,12,2489454
TOYOTA,Sedan,1,Petrol,2.5,18,4,Automatic,Front,4-doors,Left wheel,Black,12,1828980
CHEVROLET,Jeep,1,Hybrid,1.4,10,4,Automatic,Front,4-doors,Left wheel,Black,0,69822
HONDA,Hatchback,1,Hybrid,1.3,15,4,Automatic,Front,4-doors,Left wheel,Blue,4,604584
FORD,Sedan,1,Petrol,2.5,18,4,Automatic,Front,4-doors,Left wheel,Black,12,107973
HYUNDAI,Jeep,1,Diesel,1.6,19,4,Automatic,Front,4-doors,Left wheel,White,4,4849065
TOYOTA,Jeep,1,Petrol,2.7,21,4,Automatic,Rear,4-doors,Left wheel,White,12,3988197
HYUNDAI,Universal,1,Diesel,2.5,16,4,Automatic,Front,4-doors,Left wheel,Yellow,4,5526063
MERCEDES-BENZ,Sedan,1,Petrol,2,25,4,Automatic,Rear,4-doors,Left wheel,Black,12,31752
NISSAN,Sedan,1,CNG,1.8,23,4,Variator,Front,4-doors,Left wheel,Silver,2,622323
FORD,Sedan,1,Petrol,1.6,25,4,Automatic,Front,4-doors,Left wheel,Black,8,1803546
MERCEDES-BENZ,Sedan,1,Diesel,3,21,6,Automatic,Rear,4-doors,Left wheel,Black,12,196830
FORD,Sedan,1,Hybrid,2,30,4,Automatic,Front,4-doors,Left wheel,Silver,0,22842
NISSAN,Jeep,1,Petrol,1.6,12,4,Automatic,4x4,4-doors,Left wheel,Black,0,31752
MERCEDES-BENZ,Sedan,1,Petrol,2,18,4,Automatic,Rear,4-doors,Left wheel,Black,12,2718036
SSANGYONG,Jeep,1,Diesel,1.6,10,4,Automatic,Front,4-doors,Left wheel,White,4,3172041
FORD,Microbus,2,Diesel,2.2,15,4,Manual,Front,4-doors,Left wheel,White,2,1320948
TOYOTA,Sedan,1,Hybrid,2.4,18,4,Tiptronic,Front,4-doors,Left wheel,Sky blue,8,1435239
LEXUS,Jeep,1,Petrol,4.6,19,8,Automatic,4x4,4-doors,Left wheel,White,0,3505518
HYUNDAI,Jeep,1,Petrol,3.5,21,6,Automatic,4x4,4-doors,Left wheel,Red,12,38070
CHEVROLET,Sedan,2,Petrol,1.4,16,4,Tiptronic,Front,5 or more,Left wheel,Black,12,1651185
TOYOTA,Jeep,1,Petrol,4.6,25,8,Automatic,4x4,4-doors,Left wheel,White,12,76221
HYUNDAI,Jeep,1,Diesel,2,23,4,Automatic,Front,4-doors,Left wheel,White,4,4038498
NISSAN,Minivan,1,Diesel,3.2,25,4,Automatic,4x4,4-doors,Right-hand drive,White,4,711261
MERCEDES-BENZ,Sedan,1,Petrol,3.5,21,6,Automatic,Rear,4-doors,Left wheel,Black,12,17820
HYUNDAI,Sedan,1,CNG,2,30,4,Automatic,Front,4-doors,Left wheel,Orange,4,787482
MERCEDES-BENZ,Sedan,1,Petrol,5,12,8,Automatic,Rear,4-doors,Left wheel,Grey,12,1727406
HYUNDAI,Jeep,1,Diesel,2,18,4,Automatic,Front,4-doors,Left wheel,White,4,4137075
HYUNDAI,Coupe,1,Petrol,2,10,4,Automatic,Front,4-doors,Left wheel,Grey,4,1234521
FORD,Sedan,1,Hybrid,2,15,4,Automatic,Front,4-doors,Left wheel,Black,0,209547
HYUNDAI,Minivan,1,Diesel,2.5,18,4,Automatic,Front,4-doors,Left wheel,Silver,4,1257444
MERCEDES-BENZ,Sedan,1,Petrol,1.8,19,4,Tiptronic,Rear,4-doors,Left wheel,Beige,8,2260791
TOYOTA,Sedan,1,Hybrid,2.5,21,4,Automatic,Front,4-doors,Left wheel,Blue,12,393741
MERCEDES-BENZ,Sedan,1,Petrol,3.5,16,4,Automatic,Rear,4-doors,Left wheel,Black,0,2413233
HYUNDAI,Sedan,1,Petrol,1.6,25,4,Automatic,Front,4-doors,Left wheel,Grey,4,1474848
HYUNDAI,Sedan,1,Hybrid,2,23,4,Automatic,Front,4-doors,Left wheel,Silver,12,44469
NISSAN,Hatchback,2,Petrol,1.5,25,4,Automatic,Front,4-doors,Right-hand drive,Red,4,2430
TOYOTA,Jeep,2,Petrol,2.5,21,4,Tiptronic,Front,4-doors,Left wheel,White,12,2794257
OPEL,Goods wagon,2,Petrol,1.8,30,4,Manual,Front,4-doors,Left wheel,Silver,0,508032
CHEVROLET,Jeep,1,Diesel,2,12,4,Automatic,Front,4-doors,Left wheel,Silver,4,398844
OPEL,Hatchback,2,Diesel,2,18,4,Manual,Front,4-doors,Left wheel,Red,2,381024
HYUNDAI,Universal,1,Diesel,2.5,10,4,Automatic,Front,4-doors,Left wheel,Silver,4,3529656
MERCEDES-BENZ,Sedan,1,CNG,2,15,4,Manual,Rear,4-doors,Left wheel,Black,4,635040
TOYOTA,Jeep,2,Petrol,2,18,4,Automatic,Front,4-doors,Left wheel,Grey,8,2286225
OPEL,Sedan,2,Petrol,1.1,19,4,Manual,Front,4-doors,Left wheel,White,2,56700
MAZDA,Hatchback,2,Petrol,1.5,21,4,Manual,Front,4-doors,Left wheel,Silver,2,190512
CHEVROLET,Hatchback,1,Petrol,1.4,16,4,Automatic,Front,4-doors,Left wheel,Grey,0,1524177
FORD,Sedan,1,Hybrid,2,25,4,Automatic,Front,4-doors,Left wheel,Red,12,393741
LEXUS,Jeep,1,Hybrid,3.5,23,6,Automatic,4x4,4-doors,Left wheel,Silver,12,1066932
MERCEDES-BENZ,Sedan,1,Petrol,3.5,25,4,Tiptronic,4x4,4-doors,Left wheel,Black,12,3022920
FORD,Jeep,1,Petrol,2,21,4,Automatic,Front,4-doors,Left wheel,Blue,12,57186
TOYOTA,Sedan,1,Hybrid,2.5,30,4,Automatic,Front,4-doors,Left wheel,Grey,10,3175281
HYUNDAI,Sedan,1,CNG,1.6,12,4,Automatic,Front,4-doors,Left wheel,White,4,2950506
HONDA,Hatchback,2,Petrol,1.8,18,4,Manual,Front,4-doors,Right-hand drive,Grey,4,685827
MERCEDES-BENZ,Coupe,1,Petrol,3.2,10,6,Tiptronic,Rear,2-doors,Left wheel,Silver,4,635040
HONDA,Jeep,1,Petrol,2.4,15,4,Automatic,Front,4-doors,Left wheel,White,12,1028781
SUBARU,Jeep,1,Petrol,2.5,18,4,Automatic,4x4,4-doors,Left wheel,Blue,0,660474
TOYOTA,Sedan,1,Hybrid,2.5,19,4,Tiptronic,Front,4-doors,Left wheel,White,12,3759534
MERCEDES-BENZ,Jeep,1,Diesel,2.1,21,4,Automatic,4x4,4-doors,Left wheel,White,12,3657960
BMW,Cabriolet,1,Petrol,3,16,6,Tiptronic,4x4,2-doors,Left wheel,Black,12,8100
AUDI,Sedan,1,Petrol,3,25,6,Automatic,4x4,4-doors,Left wheel,Black,12,8128755
MITSUBISHI,Hatchback,1,Petrol,2,23,4,Automatic,Front,4-doors,Left wheel,Silver,12,95256
HYUNDAI,Coupe,2,Petrol,1.8,25,6,Manual,Front,2-doors,Left wheel,Beige,0,990711
TOYOTA,Hatchback,1,Hybrid,1.5,21,4,Variator,Front,4-doors,Left wheel,Green,12,469962
HYUNDAI,Sedan,1,Petrol,2.4,30,4,Automatic,Front,4-doors,Left wheel,White,12,234981
TOYOTA,Sedan,1,Hybrid,1.8,12,4,Automatic,Front,4-doors,Left wheel,White,12,152442
NISSAN,Sedan,2,Petrol,4,18,12,Automatic,4x4,4-doors,Left wheel,Blue,12,1854414
HONDA,Sedan,2,Hybrid,1.3,10,4,Automatic,Front,4-doors,Right-hand drive,Silver,8,914490
BMW,Sedan,2,CNG,1.8,15,4,Manual,Rear,4-doors,Left wheel,Green,2,533466
TOYOTA,Sedan,1,Hybrid,2.4,18,4,Variator,Front,4-doors,Left wheel,Grey,8,1168506
MITSUBISHI,Jeep,1,Petrol,2.4,19,4,Variator,Front,4-doors,Left wheel,Silver,12,2921265
TOYOTA,Sedan,1,Petrol,2.5,21,4,Tiptronic,Front,4-doors,Left wheel,Black,12,2210004
SUBARU,Jeep,2,Petrol,2.5,16,4,Variator,4x4,4-doors,Left wheel,White,7,1752759
HYUNDAI,Hatchback,1,Petrol,1.6,25,4,Automatic,Front,4-doors,Left wheel,Silver,4,635040
MERCEDES-BENZ,Sedan,2,CNG,2,23,4,Manual,Rear,4-doors,Left wheel,Black,4,635040
FORD,Jeep,1,Hybrid,0.4,25,4,Automatic,Front,4-doors,Left wheel,Grey,0,22842
MERCEDES-BENZ,Jeep,1,Petrol,3,21,6,Automatic,4x4,4-doors,Left wheel,White,0,133326
HYUNDAI,Jeep,1,Diesel,2,30,4,Automatic,Front,4-doors,Left wheel,Silver,4,1960038
HONDA,Hatchback,1,Petrol,1.5,12,4,Automatic,Front,4-doors,Left wheel,Grey,4,2054565
CHEVROLET,Sedan,1,Petrol,2.5,18,4,Automatic,Front,4-doors,Left wheel,Blue,12,139725
ACURA,Sedan,1,Petrol,3.5,10,6,Automatic,Front,4-doors,Left wheel,Silver,12,25434
TOYOTA,Sedan,2,Hybrid,1.8,15,4,Automatic,Front,4-doors,Left wheel,White,8,1397169
MERCEDES-BENZ,Sedan,1,Petrol,3.5,18,6,Automatic,4x4,4-doors,Left wheel,Black,12,38070
HYUNDAI,Sedan,1,Petrol,2,19,4,Tiptronic,Front,4-doors,Left wheel,White,12,2540241
HYUNDAI,Sedan,1,Diesel,1.6,21,4,Automatic,Front,4-doors,Left wheel,Silver,4,381024
CHEVROLET,Sedan,1,Petrol,1.8,16,4,Automatic,Front,4-doors,Left wheel,Grey,4,1030320
HYUNDAI,Jeep,1,Diesel,2,25,4,Automatic,Front,4-doors,Left wheel,Silver,4,2136132
BMW,Jeep,1,CNG,3,23,6,Tiptronic,4x4,4-doors,Right-hand drive,Black,10,1092285
HYUNDAI,Sedan,1,Petrol,1.6,25,4,Automatic,Front,4-doors,Left wheel,White,4,2072871
MERCEDES-BENZ,Sedan,1,Petrol,3,21,6,Automatic,4x4,4-doors,Left wheel,White,12,520749
LEXUS,Jeep,1,Petrol,3.5,30,6,Automatic,4x4,4-doors,Left wheel,Grey,12,20331
LEXUS,Jeep,1,Petrol,4.6,12,8,Automatic,4x4,4-doors,Left wheel,Black,0,3226149
MERCEDES-BENZ,Sedan,1,Diesel,5.5,18,8,Automatic,4x4,4-doors,Left wheel,Black,12,1066932
TOYOTA,Jeep,1,Petrol,2,10,4,Automatic,Front,4-doors,Left wheel,Blue,12,50787
DAEWOO,Sedan,1,Petrol,1.6,15,4,Automatic,Front,4-doors,Left wheel,Black,4,655857
BMW,Jeep,1,Diesel,3,18,6,Automatic,4x4,4-doors,Left wheel,Black,12,1003428
HYUNDAI,Sedan,2,Hybrid,2,19,4,Automatic,Front,4-doors,Left wheel,Silver,9,1498743
HONDA,Sedan,2,Hybrid,1.3,21,4,Variator,Front,4-doors,Left wheel,Black,12,990711
HONDA,Hatchback,2,Petrol,1.3,16,4,Variator,Front,4-doors,Right-hand drive,Black,4,3240
HYUNDAI,Universal,1,Diesel,2.5,25,4,Automatic,Front,4-doors,Left wheel,Silver,4,1381374
HONDA,Universal,2,Petrol,2,23,4,Automatic,Front,4-doors,Right-hand drive,Black,6,429300
HYUNDAI,Sedan,1,CNG,2,25,4,Automatic,Front,4-doors,Left wheel,Orange,4,774765
CHEVROLET,Sedan,1,Diesel,2,21,4,Automatic,Front,4-doors,Left wheel,Black,4,1968462
TOYOTA,Sedan,1,Petrol,2.4,30,4,Automatic,Front,4-doors,Left wheel,Silver,12,1524177
NISSAN,Sedan,1,Petrol,2.5,12,4,Automatic,Front,4-doors,Left wheel,Red,12,158760
HYUNDAI,Sedan,2,Petrol,2.4,18,4,Tiptronic,Front,4-doors,Left wheel,Silver,10,1397169
HYUNDAI,Sedan,1,CNG,2,10,4,Automatic,Front,4-doors,Left wheel,Silver,4,1257930
HYUNDAI,Sedan,1,CNG,2,15,4,Automatic,Front,4-doors,Left wheel,Silver,4,914490
TOYOTA,Hatchback,2,Hybrid,1.8,18,4,Automatic,Front,4-doors,Left wheel,Sky blue,12,1955988
HYUNDAI,Sedan,1,CNG,2,19,4,Automatic,Front,4-doors,Left wheel,Silver,4,812916
HYUNDAI,Sedan,2,Petrol,1.8,21,4,Tiptronic,Front,4-doors,Left wheel,Black,12,1524177
LEXUS,Hatchback,1,Hybrid,1.8,16,4,Automatic,Front,4-doors,Left wheel,Red,0,838269
LEXUS,Jeep,1,Petrol,3.5,25,6,Automatic,4x4,4-doors,Left wheel,Black,12,44469
HYUNDAI,Sedan,1,CNG,2,23,4,Automatic,Front,4-doors,Left wheel,Orange,4,749412
HYUNDAI,Jeep,1,Diesel,1.7,25,4,Automatic,Front,4-doors,Left wheel,Black,4,4521663
TOYOTA,Sedan,1,Petrol,2.5,21,6,Tiptronic,Rear,4-doors,Left wheel,Blue,12,2032209
HYUNDAI,Minivan,1,Diesel,2.5,30,4,Automatic,Front,4-doors,Left wheel,Silver,4,1512189
LEXUS,Jeep,1,Hybrid,3.5,12,6,Automatic,4x4,4-doors,Left wheel,Black,12,76221
FORD,Microbus,2,Diesel,2.4,18,4,Manual,Rear,4-doors,Left wheel,White,2,1219293
HONDA,Hatchback,1,Hybrid,1.5,10,4,Automatic,Front,4-doors,Left wheel,Blue,4,863460
HYUNDAI,Jeep,1,Diesel,2,15,4,Automatic,Front,4-doors,Left wheel,Silver,4,2997000
SSANGYONG,Jeep,1,Diesel,2,18,4,Automatic,Front,4-doors,Left wheel,Silver,4,1524906
MERCEDES-BENZ,Sedan,1,Diesel,3.5,19,6,Automatic,4x4,4-doors,Left wheel,Black,12,1181223
MERCEDES-BENZ,Minivan,2,Diesel,2.2,21,4,Manual,Rear,4-doors,Left wheel,Red,4,1701972
MITSUBISHI,Hatchback,2,Petrol,0.7,16,3,Automatic,Front,4-doors,Right-hand drive,Brown,2,457245
SSANGYONG,Jeep,1,Diesel,2,25,4,Automatic,Front,4-doors,Left wheel,Silver,4,1524906
HYUNDAI,Jeep,1,Diesel,2,23,4,Automatic,Front,4-doors,Left wheel,White,4,1834569
HYUNDAI,Minivan,1,Diesel,2.5,25,4,Automatic,Front,4-doors,Left wheel,White,4,1343790
TOYOTA,Sedan,2,Hybrid,2.5,21,4,Automatic,Front,4-doors,Left wheel,Grey,12,2591028
DAEWOO,Sedan,1,Petrol,2,30,4,Automatic,Front,4-doors,Left wheel,Grey,4,698544
TOYOTA,Sedan,2,Hybrid,2.5,12,4,Variator,Front,4-doors,Left wheel,Silver,0,1701972
HONDA,Hatchback,2,Hybrid,1.5,18,4,Automatic,Front,4-doors,Right-hand drive,White,8,863703
MERCEDES-BENZ,Sedan,1,Diesel,3.5,10,6,Automatic,4x4,4-doors,Left wheel,Black,12,17820
VOLKSWAGEN,Hatchback,2,Petrol,2,15,4,Manual,Front,4-doors,Left wheel,Black,8,1092285
MITSUBISHI,Hatchback,2,Petrol,1.3,18,4,Variator,Front,4-doors,Right-hand drive,Sky blue,5,431811
OPEL,Minivan,2,Petrol,1.8,19,4,Manual,Front,4-doors,Left wheel,Silver,6,596970
FORD,Microbus,1,Diesel,2,21,6,Manual,Front,2-doors,Left wheel,Yellow,4,963900
VOLKSWAGEN,Sedan,1,Petrol,1.8,16,4,Tiptronic,Front,4-doors,Left wheel,Black,10,1397169
MITSUBISHI,Jeep,2,Petrol,0.7,25,3,Manual,4x4,2-doors,Right-hand drive,Silver,2,355671
FORD,Hatchback,1,Hybrid,2,23,4,Tiptronic,Front,4-doors,Right-hand drive,Silver,10,1447956
HONDA,Hatchback,2,Hybrid,1.3,25,4,Tiptronic,Front,4-doors,Right-hand drive,White,2,939924
BMW,Sedan,1,Petrol,4.8,21,8,Tiptronic,Rear,4-doors,Left wheel,Black,12,1117719
TOYOTA,Jeep,2,Petrol,2.5,30,4,Tiptronic,4x4,4-doors,Left wheel,Black,12,3302289
LEXUS,Jeep,1,Hybrid,3.5,12,6,Automatic,Front,4-doors,Left wheel,Black,12,647757
MERCEDES-BENZ,Sedan,2,Diesel,2.5,18,2,Manual,Front,4-doors,Left wheel,White,2,635040
VOLKSWAGEN,Sedan,1,Petrol,2.5,10,4,Automatic,Front,4-doors,Left wheel,Blue,12,1143153
HONDA,Hatchback,2,Hybrid,1.3,15,4,Automatic,Front,4-doors,Right-hand drive,Blue,8,965277
HYUNDAI,Sedan,1,Petrol,2,18,4,Automatic,Front,4-doors,Left wheel,Black,4,1034937
TOYOTA,Hatchback,2,Hybrid,1.5,19,4,Automatic,Front,4-doors,Left wheel,Red,12,1524177
TOYOTA,Sedan,1,Hybrid,2.5,21,4,Variator,Front,4-doors,Left wheel,Silver,10,1905201
AUDI,Jeep,1,Petrol,3.2,16,6,Tiptronic,4x4,4-doors,Left wheel,Grey,7,1828980
LEXUS,Jeep,1,Hybrid,3.5,25,6,Automatic,4x4,4-doors,Left wheel,White,12,31752
TOYOTA,Hatchback,2,Hybrid,1.8,23,4,Automatic,Front,4-doors,Left wheel,Silver,12,1016064
CHEVROLET,Sedan,2,Petrol,1.4,25,4,Tiptronic,Front,4-doors,Left wheel,Green,10,787482
HYUNDAI,Sedan,1,Hybrid,2.4,21,4,Automatic,Front,4-doors,Left wheel,Grey,0,279450
TOYOTA,Hatchback,1,Hybrid,1.8,30,4,Automatic,Front,4-doors,Left wheel,Red,12,152442
FORD,Microbus,2,Diesel,2.2,12,4,Manual,Front,4-doors,Left wheel,White,2,1295271
TOYOTA,Sedan,1,Hybrid,2.5,18,4,Automatic,Front,4-doors,Left wheel,Black,12,901773
HYUNDAI,Jeep,1,Petrol,2,10,4,Automatic,Front,4-doors,Left wheel,Grey,12,7614
MERCEDES-BENZ,Sedan,1,Petrol,3.5,15,6,Automatic,Rear,4-doors,Left wheel,Black,12,2768904
CHEVROLET,Sedan,2,Petrol,1.4,18,4,Automatic,Front,4-doors,Left wheel,Brown,8,1714689
CHEVROLET,Jeep,1,Diesel,2,19,4,Automatic,Front,4-doors,Left wheel,Black,4,607095
LEXUS,Hatchback,1,Hybrid,1.8,21,4,Automatic,Front,4-doors,Left wheel,White,12,393741
HYUNDAI,Sedan,1,CNG,2,16,4,Automatic,Front,4-doors,Left wheel,Silver,4,1092285
LEXUS,Jeep,1,Petrol,4.6,25,8,Automatic,4x4,4-doors,Left wheel,White,0,6604659
HYUNDAI,Sedan,1,Petrol,1.6,23,4,Automatic,Front,4-doors,Left wheel,Silver,4,1620405
SUBARU,Goods wagon,2,Petrol,2.5,25,6,Tiptronic,4x4,4-doors,Right-hand drive,Blue,6,243000
TOYOTA,Sedan,2,Hybrid,2.4,21,4,Variator,Front,4-doors,Left wheel,Grey,12,965277
MERCEDES-BENZ,Sedan,1,Petrol,2,30,6,Tiptronic,Rear,4-doors,Left wheel,Black,12,6858675
MERCEDES-BENZ,Sedan,2,CNG,2,12,4,Manual,Rear,4-doors,Left wheel,Black,4,635040
LEXUS,Hatchback,1,Hybrid,1.8,18,4,Automatic,Front,4-doors,Left wheel,White,0,50787
CHEVROLET,Sedan,1,Petrol,1.8,10,4,Automatic,Front,4-doors,Left wheel,Grey,4,1018170
LINCOLN,Jeep,1,CNG,5.4,15,8,Automatic,4x4,4-doors,Left wheel,Grey,6,1397169
BMW,Sedan,2,Diesel,2.4,18,6,Manual,Rear,4-doors,Left wheel,Blue,4,226800
MERCEDES-BENZ,Sedan,2,CNG,1.8,19,4,Manual,Front,4-doors,Left wheel,Black,4,558819
TOYOTA,Hatchback,1,Petrol,1.5,21,4,Automatic,Front,4-doors,Left wheel,Silver,4,1134729
LEXUS,Sedan,1,Petrol,4.6,16,8,Automatic,4x4,4-doors,Left wheel,White,0,31752
MERCEDES-BENZ,Jeep,1,Petrol,2,25,4,Automatic,Front,4-doors,Left wheel,White,0,673191
TOYOTA,Sedan,2,Petrol,1.8,23,4,Automatic,Front,4-doors,Left wheel,Green,16,1905201
FORD,Sedan,1,Petrol,2,25,4,Tiptronic,Front,4-doors,Left wheel,Silver,12,2082996
HYUNDAI,Sedan,1,CNG,1.6,21,4,Automatic,Front,4-doors,Left wheel,Blue,4,1760130
HYUNDAI,Minivan,1,Diesel,2.5,30,4,Automatic,Front,4-doors,Left wheel,Black,4,6553791
HYUNDAI,Coupe,1,Petrol,2,12,4,Automatic,Front,4-doors,Left wheel,Red,4,1568889
SUZUKI,Jeep,2,Petrol,1.3,18,4,Manual,4x4,2-doors,Left wheel,Green,4,1016064
HYUNDAI,Jeep,1,Diesel,2,10,4,Automatic,Front,4-doors,Left wheel,Grey,4,2049219
CHEVROLET,Sedan,1,Diesel,1.6,6,4,Automatic,Front,4-doors,Left wheel,Grey,12,584253
CHEVROLET,Hatchback,1,Petrol,1.6,9,4,Automatic,Front,4-doors,Left wheel,Black,4,558819
BMW,Jeep,1,Petrol,4.4,19,8,Automatic,4x4,4-doors,Left wheel,Red,12,660474
TOYOTA,Sedan,1,Hybrid,1.8,13,4,Tiptronic,Front,4-doors,Left wheel,Silver,12,1524177
HYUNDAI,Jeep,1,Diesel,2,16,4,Automatic,Front,4-doors,Left wheel,Blue,4,4981419
TOYOTA,Sedan,2,Hybrid,1.8,27,6,Automatic,Front,4-doors,Left wheel,White,1,1397169
TOYOTA,Hatchback,2,Hybrid,1.5,22,4,Automatic,Front,4-doors,Right-hand drive,Silver,6,800199
VAZ,Sedan,1,Petrol,1.3,11,4,Manual,Rear,4-doors,Left wheel,Green,6,324000
TOYOTA,Hatchback,2,Hybrid,1.8,21,4,Automatic,Front,4-doors,Left wheel,Grey,6,1397169
HYUNDAI,Sedan,1,Petrol,2,17,4,Automatic,Front,4-doors,Left wheel,Silver,4,4149225
HYUNDAI,Jeep,1,Diesel,2,12,4,Automatic,Front,4-doors,Left wheel,White,4,4033638
HYUNDAI,Sedan,1,Petrol,1.8,6,4,Tiptronic,Front,4-doors,Left wheel,Black,12,1397169
FORD,Jeep,1,Petrol,2,9,4,Tiptronic,4x4,4-doors,Left wheel,Silver,8,2362446
MERCEDES-BENZ,Jeep,1,Petrol,2,19,4,Automatic,Front,4-doors,Left wheel,Red,12,15228
LEXUS,Jeep,1,Petrol,2,13,4,Tiptronic,Front,4-doors,Left wheel,Beige,12,6477651
OPEL,Goods wagon,2,Diesel,1.3,16,16,Manual,Front,4-doors,Left wheel,Black,8,939924
GAZ,Limousine,2,Petrol,2.4,27,6,Manual,Rear,4-doors,Left wheel,Black,0,1270161
RENAULT,Sedan,2,Petrol,2,22,4,Manual,Front,4-doors,Left wheel,Blue,0,202500
KIA,Sedan,1,Hybrid,2.4,11,4,Automatic,Front,4-doors,Left wheel,Black,12,31752
HYUNDAI,Sedan,1,Petrol,2,21,4,Automatic,Front,4-doors,Left wheel,Black,12,50787
HONDA,Hatchback,1,Hybrid,1.3,17,4,Automatic,Front,4-doors,Left wheel,Grey,0,184194
VOLKSWAGEN,Sedan,1,Petrol,1.8,12,4,Automatic,Front,4-doors,Left wheel,Silver,8,1574964
MERCEDES-BENZ,Jeep,1,Petrol,3.5,6,6,Automatic,Rear,4-doors,Left wheel,Black,0,3530952
TOYOTA,Hatchback,2,Hybrid,1.8,9,4,Variator,Front,4-doors,Left wheel,Blue,8,1244727
TOYOTA,Jeep,1,Petrol,3.5,19,6,Automatic,4x4,4-doors,Left wheel,Black,12,393741
HONDA,Universal,2,Hybrid,1.3,13,4,Automatic,Front,4-doors,Right-hand drive,White,4,1143153
CHEVROLET,Jeep,1,Diesel,2,16,4,Automatic,Front,4-doors,Left wheel,Grey,4,1098684
FORD,Hatchback,2,Hybrid,2,27,4,Automatic,Front,4-doors,Left wheel,Silver,10,1447956
MERCEDES-BENZ,Sedan,1,Petrol,2.4,22,6,Tiptronic,Rear,4-doors,Left wheel,Black,12,838269
SUBARU,Sedan,2,Petrol,3,11,6,Tiptronic,4x4,4-doors,Left wheel,Black,8,1215000
MERCEDES-BENZ,Sedan,1,Petrol,3.2,21,6,Tiptronic,Rear,4-doors,Right-hand drive,Silver,8,1016064
BMW,Sedan,2,Petrol,1.8,17,4,Manual,Rear,4-doors,Left wheel,Grey,2,453600
BMW,Jeep,1,Diesel,3,12,6,Automatic,4x4,4-doors,Left wheel,Black,0,1181223
HYUNDAI,Universal,1,Diesel,2.5,6,4,Automatic,Front,4-doors,Left wheel,White,4,2982987
TOYOTA,Sedan,1,Hybrid,3.5,9,6,Automatic,4x4,4-doors,Left wheel,Grey,12,1752759
TOYOTA,Sedan,2,Hybrid,1.6,19,1,Automatic,4x4,4-doors,Left wheel,White,5,729
NISSAN,Minivan,2,CNG,3.5,13,6,Tiptronic,4x4,4-doors,Right-hand drive,Golden,4,1143153
SSANGYONG,Jeep,1,Diesel,1.6,16,4,Automatic,Front,4-doors,Left wheel,White,4,3267540
HONDA,Hatchback,2,Petrol,1.5,27,4,Tiptronic,Front,4-doors,Left wheel,Grey,12,889056
MERCEDES-BENZ,Sedan,1,Petrol,3,22,6,Tiptronic,4x4,4-doors,Left wheel,White,12,2032209
TOYOTA,Jeep,1,Petrol,2.7,11,4,Automatic,4x4,4-doors,Left wheel,White,10,24300
HYUNDAI,Jeep,1,Diesel,2,21,4,Automatic,Front,4-doors,Left wheel,Grey,4,1513728
LEXUS,Jeep,1,Petrol,4.6,17,8,Automatic,4x4,4-doors,Left wheel,Silver,0,5664735
HYUNDAI,Sedan,1,Petrol,1.6,12,4,Automatic,Front,4-doors,Left wheel,Silver,4,2335230
LEXUS,Jeep,1,CNG,4.7,6,8,Automatic,4x4,4-doors,Left wheel,Black,0,3429297
FORD,Microbus,2,Diesel,2.2,9,4,Manual,Front,4-doors,Left wheel,White,2,1930554
MERCEDES-BENZ,Sedan,1,Diesel,3.5,19,6,Automatic,4x4,4-doors,Left wheel,Silver,12,1346301
MERCEDES-BENZ,Sedan,1,Petrol,2,13,4,Automatic,Rear,4-doors,Left wheel,Black,12,25434
FORD,Hatchback,2,Hybrid,2,16,4,Automatic,Front,4-doors,Left wheel,Grey,4,1296000
HYUNDAI,Sedan,1,Petrol,1.6,27,4,Automatic,Front,4-doors,Left wheel,White,4,965277
BMW,Sedan,1,Petrol,3,22,6,Tiptronic,4x4,4-doors,Left wheel,Black,12,1092285
LEXUS,Jeep,1,Petrol,4.7,11,8,Automatic,4x4,4-doors,Left wheel,White,0,69822
TOYOTA,Sedan,2,Petrol,2.5,21,4,Automatic,Front,4-doors,Left wheel,Silver,0,1295514
MERCEDES-BENZ,Sedan,1,CNG,2.4,17,4,Automatic,Rear,4-doors,Right-hand drive,Black,2,419175
FORD,Sedan,1,CNG,3.7,12,6,Automatic,4x4,4-doors,Left wheel,Grey,8,1244727
HYUNDAI,Hatchback,2,Petrol,1.6,6,4,Manual,Front,2-doors,Left wheel,Carnelian red,6,1295514
CHEVROLET,Jeep,1,Diesel,2,9,4,Automatic,Front,4-doors,Left wheel,Silver,4,965277
TOYOTA,Sedan,1,Hybrid,2.5,19,4,Automatic,Front,4-doors,Left wheel,White,12,1524177
CHEVROLET,Jeep,1,Petrol,2.4,13,4,Automatic,Front,4-doors,Left wheel,Black,12,127008
HYUNDAI,Sedan,2,Hybrid,2.4,16,2,Tiptronic,Front,4-doors,Right-hand drive,Black,4,1778193
HYUNDAI,Sedan,1,CNG,2,27,4,Automatic,Front,4-doors,Left wheel,White,4,1118448
MAZDA,Jeep,1,Petrol,2.5,22,4,Automatic,Front,4-doors,Left wheel,Blue,12,31752
TOYOTA,Hatchback,2,Hybrid,1.8,11,4,Automatic,Front,4-doors,Left wheel,Silver,8,1308231
RENAULT,Hatchback,2,Petrol,1.2,21,4,Manual,Front,2-doors,Left wheel,Purple,4,267300
HYUNDAI,Jeep,1,Diesel,2,17,4,Automatic,Front,4-doors,Left wheel,Grey,4,1858707
BMW,Sedan,1,Petrol,3,12,6,Tiptronic,Rear,4-doors,Left wheel,Grey,12,3302289
LEXUS,Hatchback,1,Hybrid,1.8,6,4,Automatic,Front,4-doors,Left wheel,Silver,0,635040
MITSUBISHI,Jeep,2,CNG,3,9,6,Manual,4x4,4-doors,Left wheel,Blue,0,762048
TOYOTA,Sedan,1,Petrol,2.5,19,4,Tiptronic,Front,4-doors,Left wheel,Grey,12,2032209
LEXUS,Jeep,1,Petrol,4.7,13,8,Automatic,4x4,4-doors,Left wheel,Black,0,22842
MERCEDES-BENZ,Sedan,1,Petrol,5,16,8,Automatic,Rear,4-doors,Left wheel,Black,8,889056
TOYOTA,Sedan,1,Hybrid,2.5,27,4,Automatic,Front,4-doors,Left wheel,White,12,444528
BMW,Coupe,2,Petrol,1.8,22,4,Manual,Rear,2-doors,Left wheel,Black,4,405000
TOYOTA,Hatchback,2,Petrol,1.3,11,4,Automatic,4x4,4-doors,Right-hand drive,White,4,787482
HYUNDAI,Coupe,1,Petrol,3.8,21,4,Automatic,Front,4-doors,Left wheel,Blue,4,1346301
LEXUS,Jeep,1,Hybrid,3.5,17,6,Automatic,4x4,4-doors,Left wheel,Black,12,1130436
HYUNDAI,Sedan,1,Petrol,2,12,4,Automatic,Front,4-doors,Left wheel,White,4,762858
SSANGYONG,Jeep,1,Diesel,2,6,4,Automatic,Front,4-doors,Left wheel,Black,4,1977615
BMW,Sedan,2,Petrol,2,9,6,Manual,Rear,4-doors,Left wheel,White,0,304803
LEXUS,Hatchback,1,Hybrid,1.8,19,4,Automatic,Front,4-doors,Left wheel,Grey,0,38070
BMW,Sedan,1,Petrol,2.5,13,6,Tiptronic,Rear,4-doors,Left wheel,Black,4,812916
HYUNDAI,Sedan,1,Petrol,1.8,16,4,Automatic,Front,4-doors,Left wheel,Black,12,139725
HYUNDAI,Sedan,1,Petrol,1.8,27,4,Automatic,Front,4-doors,Left wheel,Black,12,44469
TOYOTA,Sedan,1,Hybrid,2.5,22,4,Automatic,Front,4-doors,Left wheel,Black,12,25434
OPEL,Universal,2,Petrol,2,11,4,Manual,Front,4-doors,Left wheel,White,4,457245
TOYOTA,Sedan,2,Hybrid,1.5,21,4,Variator,Front,4-doors,Right-hand drive,Silver,8,889056
MERCEDES-BENZ,Jeep,1,Diesel,3,17,6,Automatic,4x4,4-doors,Left wheel,Silver,12,368307
TOYOTA,Hatchback,1,Petrol,1.5,12,4,Automatic,Front,4-doors,Left wheel,Blue,4,1724085
MERCEDES-BENZ,Sedan,1,Diesel,3.5,6,6,Automatic,4x4,4-doors,Left wheel,Black,12,2413233
LEXUS,Jeep,1,Petrol,4.6,9,8,Automatic,4x4,4-doors,Left wheel,Black,0,57186
FORD,Sedan,1,Hybrid,2,19,4,Automatic,Front,4-doors,Left wheel,Black,0,69822
MERCEDES-BENZ,Sedan,1,Diesel,3.5,13,6,Automatic,4x4,4-doors,Left wheel,Silver,12,25434
AUDI,Sedan,1,Petrol,2,16,4,Automatic,4x4,4-doors,Left wheel,Silver,12,1549530
FORD,Minivan,2,Petrol,2.2,27,5,Automatic,Front,4-doors,Left wheel,Blue,6,153900
HYUNDAI,Jeep,1,Diesel,1.7,22,4,Automatic,Front,4-doors,Left wheel,White,4,2881170
TOYOTA,Hatchback,2,Hybrid,1.5,11,4,Automatic,Front,4-doors,Left wheel,Black,10,711261
SUZUKI,Sedan,2,Petrol,2.4,21,4,Tiptronic,Front,4-doors,Left wheel,Black,0,1016064
HYUNDAI,Jeep,1,Petrol,2.4,17,4,Tiptronic,4x4,4-doors,Left wheel,Red,8,1955988
TOYOTA,Hatchback,1,Hybrid,1.8,12,4,Automatic,Front,4-doors,Left wheel,White,12,57186
TOYOTA,Sedan,1,Hybrid,1.8,6,4,Automatic,Front,4-doors,Left wheel,Black,10,1828980
TOYOTA,Sedan,1,Hybrid,2.5,9,4,Automatic,Front,4-doors,Left wheel,Blue,12,393741
TOYOTA,Sedan,2,Hybrid,1.5,19,4,Variator,Front,4-doors,Left wheel,Silver,8,1041498
HONDA,Sedan,2,Petrol,1.3,13,4,Automatic,Front,4-doors,Right-hand drive,Black,2,660474
VOLKSWAGEN,Hatchback,2,Petrol,1.8,16,4,Automatic,Front,4-doors,Right-hand drive,Red,4,145800
FORD,Sedan,1,Hybrid,2,27,4,Automatic,Front,4-doors,Left wheel,Silver,0,393741
BMW,Jeep,1,Petrol,3,22,6,Tiptronic,4x4,4-doors,Left wheel,Black,12,2921265
FORD,Jeep,1,Hybrid,0.4,11,4,Automatic,Front,4-doors,Left wheel,Grey,0,22842
TOYOTA,Jeep,1,Petrol,2,21,4,Automatic,Front,4-doors,Left wheel,White,12,1447956
BMW,Sedan,1,Diesel,2,17,4,Automatic,Rear,4-doors,Left wheel,White,12,1473309
FORD,Sedan,1,Petrol,1.6,12,4,Tiptronic,Front,4-doors,Left wheel,White,8,2006775
HYUNDAI,Sedan,1,Petrol,2,6,4,Automatic,Front,4-doors,Left wheel,Grey,4,1235817
HONDA,Universal,2,Petrol,2.4,9,4,Automatic,4x4,4-doors,Left wheel,Black,6,1368900
CITROEN,Hatchback,2,Petrol,1,19,4,Manual,Front,4-doors,Left wheel,White,6,1193940
NISSAN,Jeep,1,Petrol,2,13,4,Automatic,4x4,4-doors,Right-hand drive,Beige,6,889056
CHEVROLET,Jeep,1,Diesel,2,16,4,Automatic,Front,4-doors,Left wheel,White,4,1848825
KIA,Sedan,2,Petrol,1.6,27,4,Automatic,Front,4-doors,Left wheel,Black,4,1016064
LEXUS,Hatchback,1,Hybrid,1.8,22,4,Automatic,Front,4-doors,Left wheel,White,0,1371735
FORD,Coupe,1,Petrol,3.7,11,6,Manual,Rear,2-doors,Left wheel,Black,12,1651185
LAND ROVER,Jeep,2,Diesel,2.5,21,4,Manual,4x4,4-doors,Right-hand drive,Blue,0,889056
HONDA,Sedan,1,Petrol,2,17,4,Automatic,Front,4-doors,Left wheel,White,4,3095253
SSANGYONG,Jeep,1,Diesel,1.6,12,4,Automatic,Front,4-doors,Left wheel,White,4,3574854
MERCEDES-BENZ,Sedan,1,Petrol,2.6,6,6,Tiptronic,Rear,4-doors,Left wheel,Silver,8,685827
TOYOTA,Jeep,1,Hybrid,2.5,9,4,Automatic,Front,4-doors,Left wheel,Black,12,31752
VOLKSWAGEN,Sedan,2,Diesel,1.9,19,4,Manual,Front,4-doors,Left wheel,Black,1,355671
MERCEDES-BENZ,Coupe,2,Petrol,2,13,4,Tiptronic,Rear,2-doors,Right-hand drive,Black,4,584253
HONDA,Sedan,1,Petrol,1.5,16,4,Automatic,Front,4-doors,Left wheel,White,12,774765
VOLKSWAGEN,Sedan,2,CNG,2,27,4,Manual,Front,4-doors,Left wheel,White,4,28188
VOLKSWAGEN,Sedan,1,Petrol,2.5,22,4,Tiptronic,Front,4-doors,Left wheel,Silver,6,1016064
BMW,Jeep,1,Petrol,4.8,11,8,Tiptronic,4x4,4-doors,Left wheel,Black,8,1955988
OPEL,Universal,2,Petrol,1.6,21,4,Manual,Front,4-doors,Left wheel,White,0,508032
HYUNDAI,Sedan,1,Petrol,2.4,17,4,Tiptronic,Front,4-doors,Left wheel,White,8,8100
BMW,Sedan,1,Petrol,3,12,6,Tiptronic,Rear,4-doors,Left wheel,Blue,8,1524177
BMW,Coupe,1,Petrol,4.4,6,8,Tiptronic,Rear,4-doors,Left wheel,White,12,9652932
HONDA,Sedan,1,Hybrid,1.3,9,4,Variator,Front,4-doors,Right-hand drive,Black,2,863703
HYUNDAI,Jeep,1,Diesel,2,19,4,Automatic,Front,4-doors,Left wheel,White,4,3584007
BMW,Coupe,1,Petrol,2.5,13,6,Tiptronic,Rear,2-doors,Left wheel,Black,6,762048
VOLKSWAGEN,Sedan,2,Petrol,1.4,16,4,Tiptronic,Front,4-doors,Left wheel,Grey,6,1574964
TOYOTA,Sedan,2,Hybrid,1.8,27,4,Automatic,Front,4-doors,Left wheel,Grey,0,965277
MERCEDES-BENZ,Jeep,1,Petrol,4.7,22,8,Tiptronic,4x4,4-doors,Left wheel,Black,10,6096546
HONDA,Sedan,1,Petrol,2.4,11,4,Automatic,Front,4-doors,Left wheel,Orange,4,4386717
HYUNDAI,Jeep,1,Diesel,1.7,21,4,Automatic,Front,4-doors,Left wheel,Black,4,4041009
TOYOTA,Hatchback,2,Hybrid,1.5,17,4,Automatic,Front,4-doors,Left wheel,Sky blue,8,762048
TOYOTA,Hatchback,2,Petrol,1.8,12,4,Automatic,Front,4-doors,Left wheel,White,10,1930554
TOYOTA,Sedan,2,Petrol,2.5,6,4,Tiptronic,Front,4-doors,Left wheel,Black,10,1854414
MERCEDES-BENZ,Coupe,2,Petrol,2.4,9,4,Tiptronic,Rear,2-doors,Right-hand drive,Silver,10,889056
DAEWOO,Sedan,1,Petrol,1.9,19,4,Automatic,Front,4-doors,Left wheel,Silver,4,453924
FORD,Sedan,1,Petrol,1.6,13,4,Tiptronic,Front,4-doors,Left wheel,Black,4,1447956
HYUNDAI,Sedan,1,Petrol,1.8,16,4,Tiptronic,Front,4-doors,Left wheel,Black,8,1473309
FORD,Goods wagon,2,Diesel,2.4,27,4,Manual,Rear,4-doors,Left wheel,White,0,5670
HONDA,Hatchback,2,Hybrid,1.5,22,4,Variator,Front,4-doors,Right-hand drive,Silver,0,889056
MINI,Coupe,1,Petrol,1.6,11,4,Manual,Front,2-doors,Left wheel,Silver,10,2260791
OPEL,Goods wagon,2,Diesel,1.7,21,4,Manual,Front,2-doors,Left wheel,White,2,520749
HYUNDAI,Jeep,1,Hybrid,2.4,17,4,Automatic,Front,4-doors,Left wheel,White,0,38070
TOYOTA,Jeep,2,Petrol,2.5,12,4,Tiptronic,4x4,4-doors,Left wheel,Black,10,3302289
BMW,Sedan,1,CNG,2.5,6,6,Tiptronic,Rear,4-doors,Left wheel,Silver,8,635040
DODGE,Coupe,2,Petrol,3.6,9,6,Tiptronic,Rear,2-doors,Left wheel,Grey,6,2032209
MERCEDES-BENZ,Sedan,2,CNG,2,19,4,Manual,Rear,4-doors,Left wheel,Black,2,889056
MERCEDES-BENZ,Sedan,1,Petrol,2.2,13,4,Automatic,Front,4-doors,Left wheel,Black,6,584253
BMW,Coupe,1,Petrol,3,16,6,Tiptronic,4x4,2-doors,Left wheel,Black,8,1854414
MERCEDES-BENZ,Sedan,2,Petrol,2,27,4,Tiptronic,Rear,4-doors,Right-hand drive,Blue,6,635040
LEXUS,Sedan,1,Petrol,4.6,22,8,Automatic,4x4,4-doors,Left wheel,Black,0,63504
HYUNDAI,Sedan,1,CNG,2,11,4,Automatic,Front,4-doors,Left wheel,Silver,4,990711
LEXUS,Jeep,1,Petrol,3,21,6,Automatic,4x4,4-doors,Left wheel,Silver,8,965277
TOYOTA,Jeep,1,Petrol,2.5,17,4,Automatic,Front,4-doors,Left wheel,Carnelian red,12,4191426
HYUNDAI,Sedan,1,Petrol,2,12,4,Automatic,Front,4-doors,Left wheel,Black,4,1379835
AUDI,Sedan,1,Petrol,3,6,6,Automatic,4x4,4-doors,Left wheel,Blue,6,251100
TOYOTA,Hatchback,1,Hybrid,1.8,9,4,Automatic,Front,4-doors,Left wheel,White,12,15228
HYUNDAI,Sedan,1,Petrol,1.6,19,4,Automatic,Front,4-doors,Left wheel,Grey,4,2239974
KIA,Sedan,1,Petrol,2,13,4,Automatic,Front,4-doors,Left wheel,White,8,1435239
MERCEDES-BENZ,Jeep,1,Diesel,3.5,16,6,Automatic,4x4,4-doors,Left wheel,White,12,7614
HYUNDAI,Minivan,1,Diesel,2.5,27,4,Automatic,Front,4-doors,Left wheel,White,4,1140561
AUDI,Sedan,1,Petrol,2,22,4,Automatic,Front,4-doors,Left wheel,Black,0,57186
TOYOTA,Hatchback,1,Hybrid,1.8,11,4,Automatic,Front,4-doors,Left wheel,White,12,22842
HYUNDAI,Sedan,1,Petrol,2.4,21,4,Automatic,Front,4-doors,Left wheel,Red,12,215946
CHEVROLET,Jeep,1,Diesel,1.6,17,4,Automatic,Front,4-doors,Left wheel,White,4,1943514
BMW,Sedan,2,Petrol,2.2,12,6,Tiptronic,Rear,4-doors,Left wheel,White,5,1066932
TOYOTA,Hatchback,2,Hybrid,1.8,6,4,Variator,Front,4-doors,Left wheel,Blue,11,1193940
TOYOTA,Jeep,2,Petrol,2.5,9,6,Automatic,Front,4-doors,Left wheel,White,10,4826466
TOYOTA,Sedan,1,Hybrid,1.8,19,4,Tiptronic,Front,4-doors,Left wheel,Grey,12,1524177
HYUNDAI,Sedan,1,Petrol,1.6,13,4,Automatic,Front,4-doors,Left wheel,Silver,4,936603
HYUNDAI,Jeep,1,Diesel,2,16,4,Automatic,Front,4-doors,Left wheel,White,4,3675456
TOYOTA,Jeep,2,Petrol,2,27,4,Manual,4x4,4-doors,Left wheel,Silver,8,1270161
HYUNDAI,Jeep,1,Diesel,1.7,22,4,Automatic,Front,4-doors,Left wheel,White,4,2730267
FORD,Microbus,2,Diesel,2.4,11,4,Manual,Rear,2-doors,Left wheel,White,0,1016064
HYUNDAI,Sedan,1,CNG,2,21,4,Automatic,Front,4-doors,Left wheel,Silver,4,939924
BMW,Sedan,2,CNG,2.5,17,6,Manual,Rear,4-doors,Left wheel,Blue,4,550800
HYUNDAI,Sedan,2,Petrol,1.6,12,4,Tiptronic,Front,4-doors,Left wheel,Silver,8,1447956
TOYOTA,Jeep,1,Hybrid,1.8,6,4,Automatic,Front,4-doors,Left wheel,White,12,15228
MERCEDES-BENZ,Sedan,1,Petrol,3.5,9,6,Tiptronic,Rear,4-doors,Left wheel,Silver,12,1473309
LEXUS,Jeep,1,Hybrid,3.3,19,6,Automatic,4x4,4-doors,Left wheel,Blue,10,2286225
TOYOTA,Minivan,2,Diesel,2.2,13,4,Manual,Front,4-doors,Left wheel,Black,4,203229
HYUNDAI,Universal,1,Diesel,2.5,16,4,Automatic,Front,4-doors,Left wheel,Grey,4,3584007
TOYOTA,Sedan,2,Hybrid,2.5,27,4,Tiptronic,Front,4-doors,Left wheel,Grey,8,5791743
MITSUBISHI,Jeep,2,Petrol,1.8,22,4,Automatic,4x4,2-doors,Left wheel,Silver,2,584253
LEXUS,Jeep,1,Petrol,4.6,11,8,Automatic,4x4,4-doors,Left wheel,Black,0,330237
MERCEDES-BENZ,Sedan,1,Petrol,2,21,4,Manual,Rear,4-doors,Left wheel,Blue,6,533466
BMW,Sedan,1,Petrol,3,17,6,Tiptronic,Rear,4-doors,Left wheel,Black,6,1270161
TOYOTA,Sedan,1,Petrol,3.5,12,6,Automatic,4x4,4-doors,Left wheel,Silver,12,304803
BMW,Sedan,1,Petrol,4.4,6,8,Automatic,4x4,4-doors,Left wheel,Black,0,12717
HYUNDAI,Sedan,1,CNG,2,9,4,Automatic,Front,4-doors,Left wheel,Orange,4,1066932
AUDI,Sedan,1,Petrol,2,19,4,Automatic,4x4,4-doors,Left wheel,Blue,12,533466
AUDI,Jeep,1,Petrol,2,13,4,Automatic,4x4,4-doors,Left wheel,Black,0,3810402
DAEWOO,Sedan,1,Diesel,2,16,4,Automatic,Front,4-doors,Left wheel,Blue,4,475065
SSANGYONG,Jeep,1,Diesel,2,27,4,Automatic,Front,4-doors,Left wheel,Black,4,1691523
HONDA,Minivan,2,CNG,2.4,22,4,Variator,Front,4-doors,Right-hand drive,Grey,6,889056
MITSUBISHI,Pickup,2,Diesel,2.4,11,4,Manual,4x4,4-doors,Left wheel,White,2,1905201
SSANGYONG,Jeep,1,Diesel,2,21,4,Automatic,Front,4-doors,Left wheel,Carnelian red,4,2057562
HONDA,Hatchback,2,Hybrid,1.3,17,4,Automatic,Front,4-doors,Right-hand drive,Grey,0,736695
HYUNDAI,Coupe,1,Petrol,1.8,12,4,Automatic,Front,2-doors,Left wheel,Blue,12,215946
TOYOTA,Sedan,1,Petrol,2.5,6,4,Tiptronic,Front,4-doors,Left wheel,White,12,7087257
TOYOTA,Sedan,1,Hybrid,2.5,9,4,Automatic,Front,4-doors,Left wheel,Black,12,406458
HYUNDAI,Jeep,2,Petrol,2,19,4,Manual,4x4,4-doors,Left wheel,Black,4,990711
HONDA,Hatchback,2,Hybrid,1.3,13,4,Variator,Front,4-doors,Left wheel,Grey,8,939924
HYUNDAI,Sedan,1,Petrol,1.6,16,4,Automatic,Front,4-doors,Left wheel,Grey,4,1620405
TOYOTA,Sedan,1,Hybrid,2.5,27,4,Automatic,Front,4-doors,Left wheel,Black,12,406458
FORD,Hatchback,2,Petrol,1.6,22,3,Automatic,Front,4-doors,Left wheel,Grey,0,1117719
SSANGYONG,Jeep,1,Diesel,2,11,4,Automatic,Front,4-doors,Left wheel,Silver,4,1058508
FORD,Hatchback,2,Petrol,2,21,4,Tiptronic,Front,4-doors,Left wheel,Black,12,1143153
HYUNDAI,Sedan,1,Petrol,1.8,17,4,Automatic,Front,4-doors,Left wheel,Black,12,25434
HYUNDAI,Jeep,1,Petrol,2.4,12,4,Automatic,Front,4-doors,Left wheel,Black,12,82539
FORD,Hatchback,2,Hybrid,2,6,4,Automatic,Front,4-doors,Left wheel,White,0,1333665
NISSAN,Sedan,2,Petrol,2.3,9,6,Automatic,Front,4-doors,Right-hand drive,Silver,6,591300
DAEWOO,Sedan,1,Petrol,1.6,19,4,Automatic,Front,4-doors,Left wheel,Silver,4,558819
CHEVROLET,Sedan,1,Petrol,0.8,13,4,Automatic,Front,4-doors,Left wheel,Golden,4,266733
HYUNDAI,Sedan,1,CNG,2,16,4,Tiptronic,Front,4-doors,Left wheel,Silver,0,1397169
DAEWOO,Sedan,1,Petrol,1.8,27,4,Automatic,Front,4-doors,Left wheel,Black,4,825552
TOYOTA,Sedan,1,Hybrid,3.5,22,6,Automatic,4x4,4-doors,Left wheel,Black,12,3175281
HONDA,Sedan,1,Petrol,1.8,11,4,Automatic,Front,4-doors,Left wheel,Blue,4,2935035
SSANGYONG,Jeep,1,Diesel,2,21,4,Automatic,Front,4-doors,Left wheel,Black,4,1850283
CHEVROLET,Sedan,1,Petrol,2,17,4,Automatic,Front,4-doors,Left wheel,Silver,4,1757619
HYUNDAI,Jeep,1,Diesel,2,12,4,Automatic,Front,4-doors,Left wheel,Black,4,2049219
MAZDA,Hatchback,2,Petrol,1.6,6,4,Automatic,Front,4-doors,Right-hand drive,Grey,6,186300
TOYOTA,Sedan,1,Hybrid,2.5,9,4,Automatic,Front,4-doors,Left wheel,Silver,12,31752
OPEL,Coupe,2,Petrol,1.4,19,4,Manual,Front,2-doors,Left wheel,Blue,0,202500
BMW,Sedan,1,Petrol,2,13,4,Tiptronic,Rear,4-doors,Left wheel,White,12,3251502
HONDA,Hatchback,1,Hybrid,1.5,16,4,Automatic,Front,4-doors,Left wheel,Red,4,1549044
RENAULT,Minivan,2,Diesel,1.5,27,4,Manual,Front,4-doors,Left wheel,Black,6,939924
BMW,Sedan,2,Petrol,2.5,22,6,Manual,Rear,5 or more,Left wheel,Silver,6,584253
CHEVROLET,Jeep,1,Diesel,2,11,4,Automatic,Front,4-doors,Left wheel,White,4,965277
BMW,Sedan,2,Diesel,2,21,4,Manual,Rear,4-doors,Left wheel,Grey,9,1397169
FORD,Hatchback,1,Hybrid,2,17,4,Variator,Front,4-doors,Left wheel,Black,12,1905201
LEXUS,Jeep,1,Petrol,2,12,4,Automatic,4x4,4-doors,Left wheel,Grey,12,63504
CHEVROLET,Sedan,1,Petrol,1,6,4,Automatic,Front,4-doors,Left wheel,White,4,939924
HYUNDAI,Sedan,2,Petrol,1.8,9,4,Tiptronic,Front,4-doors,Left wheel,Grey,8,1498743
TOYOTA,Hatchback,2,Hybrid,1.5,19,4,Automatic,Front,4-doors,Right-hand drive,Green,4,1143153
NISSAN,Hatchback,2,Petrol,1.4,13,4,Automatic,Front,4-doors,Right-hand drive,Yellow,4,482679
JEEP,Jeep,1,Petrol,3.6,16,4,Automatic,Front,4-doors,Left wheel,Grey,4,7492662
MERCEDES-BENZ,Jeep,1,Petrol,2,27,4,Automatic,4x4,4-doors,Left wheel,White,0,82539
SSANGYONG,Jeep,1,Diesel,2,22,4,Automatic,Front,4-doors,Left wheel,Silver,4,2594835
HYUNDAI,Jeep,1,Diesel,2.2,11,4,Automatic,Front,4-doors,Left wheel,White,4,1164456
HYUNDAI,Jeep,1,Petrol,2.4,21,4,Automatic,Front,4-doors,Left wheel,Black,0,17820
LEXUS,Sedan,1,Hybrid,2.4,17,4,Automatic,Front,4-doors,Left wheel,Red,10,2032209
HONDA,Sedan,2,Petrol,1.3,12,4,Automatic,Front,4-doors,Right-hand drive,Blue,6,558819
HYUNDAI,Sedan,1,Petrol,2,6,4,Automatic,Front,4-doors,Left wheel,Black,12,444528
TOYOTA,Hatchback,2,Hybrid,1.8,9,4,Variator,Front,4-doors,Left wheel,Grey,12,1524177
HYUNDAI,Sedan,1,Hybrid,2.4,19,4,Automatic,Front,4-doors,Left wheel,Grey,0,279450
HONDA,Hatchback,2,Petrol,1.3,13,4,Automatic,Front,4-doors,Right-hand drive,Silver,4,2025
VOLKSWAGEN,Sedan,1,Petrol,2,16,4,Manual,Front,4-doors,Left wheel,Black,8,647757
TOYOTA,Jeep,2,Petrol,2.5,27,4,Automatic,4x4,4-doors,Left wheel,Grey,10,3149928
DODGE,Jeep,1,Petrol,3.5,22,6,Automatic,Front,4-doors,Left wheel,Blue,12,152442
LEXUS,Jeep,1,Petrol,4.7,11,8,Automatic,4x4,4-doors,Left wheel,White,8,2870478
HYUNDAI,Jeep,1,Petrol,2,21,4,Automatic,Front,4-doors,Left wheel,Black,0,82539
HYUNDAI,Sedan,1,Petrol,2.4,17,4,Tiptronic,Front,4-doors,Left wheel,Black,8,1879767
HYUNDAI,Sedan,2,Petrol,2,12,4,Automatic,Front,4-doors,Left wheel,Silver,8,1384452
HONDA,Hatchback,2,Petrol,1.3,6,4,Automatic,Front,4-doors,Right-hand drive,White,4,579150
LEXUS,Jeep,1,Hybrid,3.5,9,6,Automatic,4x4,4-doors,Left wheel,Black,12,15228
MITSUBISHI,Jeep,2,CNG,0.2,19,4,Tiptronic,4x4,4-doors,Left wheel,Black,2,660474
NISSAN,Jeep,2,Petrol,2,13,6,Automatic,Front,4-doors,Left wheel,White,8,2794257
NISSAN,Sedan,2,Petrol,1.2,16,3,Automatic,Front,4-doors,Right-hand drive,Purple,2,762048
TOYOTA,Hatchback,2,Petrol,1.8,27,4,Automatic,Front,4-doors,Left wheel,White,10,1955988
MERCEDES-BENZ,Jeep,1,Diesel,3,22,6,Automatic,4x4,4-doors,Left wheel,Grey,10,4801032
MERCEDES-BENZ,Sedan,1,Diesel,2.2,11,8,Automatic,Rear,4-doors,Left wheel,Silver,0,939924
FORD,Universal,1,Hybrid,2,21,4,Automatic,Front,4-doors,Left wheel,Carnelian red,8,1651185
HYUNDAI,Sedan,2,Petrol,1.8,17,4,Tiptronic,Front,4-doors,Left wheel,White,12,1168506
CHEVROLET,Jeep,1,Diesel,2,12,4,Automatic,Front,4-doors,Left wheel,Silver,4,497664
TOYOTA,Jeep,2,Petrol,4,6,5,Automatic,4x4,4-doors,Left wheel,Black,4,3683313
MERCEDES-BENZ,Coupe,1,Diesel,3.5,9,6,Automatic,Rear,2-doors,Left wheel,Silver,12,1295514
KIA,Sedan,1,Hybrid,2.4,19,4,Automatic,Front,4-doors,Left wheel,White,10,901773
TOYOTA,Jeep,2,Diesel,2.2,13,4,Manual,4x4,4-doors,Left wheel,Black,4,1473309
FORD,Sedan,1,Petrol,2,16,4,Automatic,Front,4-doors,Left wheel,Black,12,107973
LEXUS,Sedan,1,Hybrid,2.5,27,4,Automatic,Front,4-doors,Left wheel,Silver,12,158760
CHEVROLET,Hatchback,1,Hybrid,1.5,22,4,Automatic,Front,4-doors,Left wheel,Blue,0,2108430
BMW,Coupe,1,Petrol,4,11,8,Manual,Rear,2-doors,Left wheel,Red,10,3888000
LEXUS,Jeep,1,Petrol,4.6,21,12,Tiptronic,4x4,4-doors,Left wheel,Black,0,6604659
TOYOTA,Hatchback,2,Petrol,1.5,17,4,Automatic,4x4,4-doors,Right-hand drive,Red,4,711261
MERCEDES-BENZ,Sedan,1,Diesel,3.5,12,6,Automatic,4x4,4-doors,Left wheel,Black,12,50787
CHEVROLET,Hatchback,1,Hybrid,1.4,6,4,Automatic,Front,4-doors,Left wheel,Grey,12,469962
CHEVROLET,Sedan,1,Diesel,2,9,4,Automatic,Front,4-doors,Left wheel,White,4,698544
HYUNDAI,Sedan,1,Petrol,1.8,19,4,Tiptronic,Front,4-doors,Left wheel,White,12,1778193
FORD,Sedan,1,Petrol,2,13,4,Tiptronic,Front,4-doors,Left wheel,Grey,9,1270161
HYUNDAI,Sedan,1,CNG,2,16,4,Automatic,Front,4-doors,Left wheel,Orange,4,660474
TOYOTA,Sedan,1,Petrol,2.5,27,4,Tiptronic,Front,4-doors,Left wheel,Black,12,4293000
HYUNDAI,Jeep,1,Diesel,2,22,4,Automatic,Front,4-doors,Left wheel,Silver,4,1715661
LEXUS,Jeep,1,Petrol,4.6,11,8,Automatic,4x4,4-doors,Left wheel,Silver,0,1270161
CHEVROLET,Sedan,1,Petrol,3.5,21,6,Automatic,Front,4-doors,Left wheel,Black,12,69822
CHEVROLET,Hatchback,2,Hybrid,1.4,17,4,Automatic,Front,4-doors,Left wheel,Silver,10,2210004
SSANGYONG,Jeep,1,Diesel,1.6,12,4,Automatic,Front,4-doors,Left wheel,White,4,3196098
KIA,Sedan,2,Petrol,1.6,6,4,Tiptronic,Front,4-doors,Left wheel,Black,8,1473309
HYUNDAI,Minivan,1,Diesel,2.5,9,4,Automatic,Front,4-doors,Left wheel,Silver,4,2558061
MERCEDES-BENZ,Sedan,1,Diesel,3,19,6,Tiptronic,Rear,4-doors,Left wheel,Black,12,9500490
MERCEDES-BENZ,Sedan,1,CNG,3.2,13,6,Automatic,Rear,4-doors,Left wheel,Black,6,635040
TOYOTA,Hatchback,2,Hybrid,1.8,16,4,Variator,Front,4-doors,Left wheel,Blue,6,1651185
HYUNDAI,Sedan,1,Petrol,1.6,27,4,Automatic,Front,4-doors,Left wheel,Silver,4,995247
SSANGYONG,Jeep,1,Diesel,2.7,22,4,Automatic,Front,4-doors,Left wheel,Black,4,1641546
TOYOTA,Sedan,1,Petrol,1.8,11,4,Automatic,Front,4-doors,Left wheel,White,12,228582
HYUNDAI,Sedan,1,CNG,2,21,4,Automatic,Front,4-doors,Left wheel,Black,4,1318923
LEXUS,Jeep,1,Petrol,4.6,17,8,Automatic,4x4,4-doors,Left wheel,Brown,12,5791743
HYUNDAI,Sedan,1,CNG,2,12,4,Automatic,Front,4-doors,Left wheel,Orange,4,685827
HYUNDAI,Jeep,1,Diesel,2,6,4,Automatic,Front,4-doors,Left wheel,Black,4,2239974
HYUNDAI,Hatchback,1,Petrol,1.8,9,4,Automatic,Front,4-doors,Left wheel,Red,12,203229
FIAT,Cabriolet,1,Petrol,1.4,19,4,Automatic,Front,2-doors,Left wheel,Blue,6,1066932
HYUNDAI,Coupe,1,Petrol,2,13,4,Automatic,Front,4-doors,Left wheel,Black,4,1305963
NISSAN,Jeep,2,Petrol,3.3,16,6,Automatic,4x4,4-doors,Left wheel,Black,2,243
MITSUBISHI,Jeep,2,CNG,3,27,6,Automatic,Rear,4-doors,Left wheel,Black,4,762048
HYUNDAI,Hatchback,1,Diesel,1.6,22,4,Automatic,Front,4-doors,Left wheel,Silver,4,965277
AUDI,Hatchback,1,Petrol,3,11,6,Automatic,4x4,4-doors,Left wheel,Grey,0,774765
MITSUBISHI,Jeep,2,Petrol,3.5,21,4,Automatic,4x4,4-doors,Right-hand drive,Silver,2,762048
FORD,Sedan,1,Hybrid,2,17,4,Tiptronic,Front,4-doors,Left wheel,Black,12,1447956
MERCEDES-BENZ,Sedan,1,Diesel,3.5,12,6,Automatic,4x4,4-doors,Left wheel,Black,12,114291
CHEVROLET,Sedan,1,Petrol,1.4,6,4,Automatic,Rear,4-doors,Left wheel,Black,8,1092285
MERCEDES-BENZ,Jeep,1,Petrol,3.5,9,6,Automatic,Rear,4-doors,Left wheel,White,12,304803
HYUNDAI,Sedan,1,Diesel,1.6,19,4,Automatic,Front,4-doors,Left wheel,White,4,1608984
BMW,Jeep,1,Petrol,3,13,6,Tiptronic,4x4,4-doors,Right-hand drive,Black,4,1219293
VOLKSWAGEN,Sedan,1,Diesel,2,16,4,Manual,Front,4-doors,Left wheel,White,12,1215000
TOYOTA,Minivan,2,CNG,2.4,27,4,Automatic,Front,4-doors,Right-hand drive,Black,4,609687
NISSAN,Sedan,1,Petrol,1.5,22,4,Variator,Front,4-doors,Right-hand drive,White,3,622323
MINI,Sedan,1,Petrol,1.6,11,4,Tiptronic,Front,4-doors,Left wheel,Red,6,1574964
TOYOTA,Sedan,2,Petrol,1.8,21,4,Automatic,Front,4-doors,Left wheel,White,10,1270161
HYUNDAI,Minivan,1,Diesel,2.5,17,4,Automatic,Front,4-doors,Left wheel,Silver,4,1105002
TOYOTA,Sedan,1,Petrol,3.5,12,6,Automatic,Front,4-doors,Left wheel,Grey,12,57186
HYUNDAI,Sedan,2,Petrol,1.8,6,4,Automatic,Front,4-doors,Left wheel,Black,0,1397169
MERCEDES-BENZ,Hatchback,1,Petrol,1.9,9,4,Tiptronic,Front,4-doors,Right-hand drive,Black,4,2025
FORD,Sedan,2,Petrol,2,19,4,Automatic,Front,4-doors,Left wheel,White,8,939924
HYUNDAI,Minivan,1,Diesel,2.5,13,4,Automatic,Front,4-doors,Left wheel,White,4,863703
MERCEDES-BENZ,Cabriolet,2,Petrol,2.3,16,4,Automatic,Rear,2-doors,Left wheel,White,4,1066932
CHEVROLET,Sedan,1,Petrol,2,27,4,Automatic,Front,4-doors,Left wheel,Black,4,1642518
NISSAN,Jeep,2,Petrol,2.5,22,4,Variator,Front,4-doors,Left wheel,Black,8,1244727
HYUNDAI,Sedan,1,Diesel,1.6,11,4,Automatic,Front,4-doors,Left wheel,White,4,2031723
NISSAN,Hatchback,2,Petrol,1.2,21,4,Automatic,Front,4-doors,Left wheel,Yellow,2,445500
MERCEDES-BENZ,Sedan,1,Diesel,3,17,6,Automatic,Rear,4-doors,Left wheel,Black,12,196830
MERCEDES-BENZ,Minivan,1,Diesel,2.2,12,4,Tiptronic,Rear,4-doors,Left wheel,Black,8,3124494
HYUNDAI,Jeep,1,Diesel,2,6,4,Automatic,Front,4-doors,Left wheel,Silver,4,1257444
HYUNDAI,Minivan,1,Diesel,2.5,9,4,Automatic,Front,4-doors,Left wheel,Silver,4,2803167
HYUNDAI,Sedan,1,Hybrid,1.6,19,4,Variator,Front,4-doors,Left wheel,White,8,1524177
TOYOTA,Hatchback,2,Hybrid,1.8,13,4,Automatic,Front,4-doors,Left wheel,Silver,12,1143153
TOYOTA,Sedan,2,Hybrid,1.5,16,4,Automatic,Front,4-doors,Right-hand drive,White,2,850986
NISSAN,Jeep,1,Petrol,1.6,27,4,Automatic,4x4,4-doors,Left wheel,White,0,38070
BMW,Sedan,1,Petrol,2,22,4,Automatic,Rear,4-doors,Left wheel,Black,12,1473309
AUDI,Sedan,1,Petrol,2,11,4,Automatic,4x4,4-doors,Left wheel,Black,12,1066932
SUBARU,Jeep,1,Petrol,2,21,4,Automatic,4x4,4-doors,Left wheel,White,0,25434
AUDI,Jeep,1,Petrol,2,17,4,Automatic,4x4,4-doors,Left wheel,Black,0,1320948
HYUNDAI,Jeep,1,Diesel,2,12,4,Automatic,Front,4-doors,Left wheel,Black,4,3609198
HYUNDAI,Sedan,2,Petrol,1.6,6,4,Tiptronic,Front,4-doors,Left wheel,White,6,1727406
HYUNDAI,Sedan,1,Petrol,1.6,9,4,Automatic,Front,4-doors,Left wheel,White,4,2478276
NISSAN,Sedan,1,Petrol,4,19,6,Automatic,Rear,4-doors,Left wheel,Red,12,584253
HYUNDAI,Sedan,1,Petrol,1.6,13,4,Automatic,Front,4-doors,Left wheel,Blue,4,2287521
LEXUS,Jeep,1,Hybrid,3.5,16,6,Automatic,Front,4-doors,Left wheel,White,12,82539
HYUNDAI,Sedan,1,CNG,3,27,4,Automatic,Front,4-doors,Left wheel,Black,4,1168506
SUBARU,Hatchback,2,Petrol,0.7,22,3,Automatic,Front,4-doors,Right-hand drive,Silver,0,558819
HONDA,Jeep,1,Petrol,2.4,11,4,Automatic,4x4,4-doors,Left wheel,Silver,12,673191
MERCEDES-BENZ,Sedan,1,Diesel,3.5,21,6,Automatic,4x4,4-doors,Left wheel,Black,12,50787
BMW,Jeep,1,Petrol,3,17,6,Tiptronic,4x4,4-doors,Left wheel,Black,6,1092285
HYUNDAI,Jeep,1,Diesel,2,12,4,Automatic,Front,4-doors,Left wheel,White,4,3114045
NISSAN,Hatchback,2,Petrol,1.5,6,4,Automatic,Front,4-doors,Right-hand drive,Silver,0,787482
MINI,Hatchback,1,Petrol,1.6,9,4,Automatic,Front,4-doors,Left wheel,Brown,12,12717
TOYOTA,Hatchback,2,Hybrid,1.5,19,4,Automatic,Front,4-doors,Right-hand drive,Sky blue,8,787482
TOYOTA,Jeep,2,Petrol,2.5,13,4,Tiptronic,4x4,4-doors,Left wheel,White,8,3556305
HYUNDAI,Sedan,1,Diesel,1.6,16,4,Automatic,Front,4-doors,Left wheel,Black,4,2215836
CHEVROLET,Sedan,1,Petrol,1.8,27,4,Automatic,Front,4-doors,Left wheel,Grey,4,1229013
TOYOTA,Sedan,1,Hybrid,2.5,22,4,Automatic,Front,4-doors,Left wheel,Black,12,2032209
NISSAN,Jeep,1,Petrol,1.6,11,4,Automatic,4x4,4-doors,Left wheel,Red,0,1168506
FORD,Hatchback,2,Petrol,2,21,4,Tiptronic,Front,4-doors,Left wheel,White,8,1270161
BMW,Sedan,2,Petrol,2,17,4,Tiptronic,Rear,4-doors,Left wheel,Red,6,965277
TOYOTA,Hatchback,1,Petrol,1.5,12,4,Automatic,Front,4-doors,Left wheel,Black,4,2079189
MERCEDES-BENZ,Sedan,1,Diesel,3.5,6,6,Automatic,4x4,4-doors,Left wheel,Silver,12,25434
CHEVROLET,Jeep,1,Hybrid,1.4,9,4,Automatic,Front,4-doors,Left wheel,Black,0,69822
HONDA,Jeep,1,Petrol,1.8,19,4,Automatic,4x4,4-doors,Left wheel,White,12,774765
FORD,Sedan,1,Hybrid,2,13,4,Automatic,Front,4-doors,Left wheel,White,0,25434
CHEVROLET,Sedan,2,Petrol,1.4,16,4,Tiptronic,Front,4-doors,Left wheel,Sky blue,6,1193940
TOYOTA,Sedan,1,Hybrid,1.8,27,12,Tiptronic,Front,4-doors,Left wheel,Black,12,647757
DODGE,Sedan,1,Petrol,1.4,22,4,Manual,Front,4-doors,Left wheel,Black,12,1320948
HYUNDAI,Jeep,1,Diesel,2,11,4,Automatic,Front,4-doors,Left wheel,Grey,4,3043980
MERCEDES-BENZ,Sedan,1,Petrol,3.5,21,6,Automatic,Rear,4-doors,Left wheel,Black,0,2540241
TOYOTA,Hatchback,1,Hybrid,1.8,17,4,Automatic,Front,4-doors,Left wheel,Black,12,520749
HYUNDAI,Sedan,1,Petrol,2,12,4,Automatic,Front,4-doors,Left wheel,Black,4,3431889
HYUNDAI,Sedan,1,CNG,2,6,4,Automatic,Front,4-doors,Left wheel,Silver,4,1270161
VOLKSWAGEN,Sedan,2,Petrol,2,9,4,Tiptronic,Front,4-doors,Left wheel,Black,8,1320948
MAZDA,Sedan,1,Petrol,2.5,19,4,Automatic,4x4,4-doors,Left wheel,Red,12,266733
NISSAN,Pickup,1,Petrol,2.5,13,12,Automatic,4x4,5 or more,Left wheel,Black,12,2430000
VOLKSWAGEN,Sedan,2,Petrol,1.6,16,4,Manual,Front,4-doors,Left wheel,White,4,431811
CHRYSLER,Sedan,1,Petrol,3.6,27,6,Automatic,Rear,4-doors,Left wheel,Black,12,266733
HYUNDAI,Jeep,1,Diesel,2,22,4,Automatic,Front,4-doors,Left wheel,Silver,4,2584953
HONDA,Coupe,1,Petrol,1.5,11,4,Automatic,Front,4-doors,Left wheel,Black,12,209547
TOYOTA,Sedan,1,Petrol,1.8,21,4,Automatic,Front,4-doors,Left wheel,Black,8,1600317
VOLKSWAGEN,Sedan,1,Petrol,2.5,17,5,Tiptronic,Front,4-doors,Left wheel,Silver,10,1270161
LEXUS,Jeep,1,Petrol,4.6,12,8,Automatic,4x4,4-doors,Left wheel,Black,0,1041498
TOYOTA,Sedan,1,Hybrid,3.3,6,6,Automatic,4x4,4-doors,Left wheel,White,12,393741
NISSAN,Sedan,2,Petrol,1.2,9,4,Automatic,Front,4-doors,Left wheel,Golden,0,477900
TOYOTA,Hatchback,1,Petrol,1.5,19,4,Automatic,Front,4-doors,Left wheel,Green,4,4619430
TOYOTA,Hatchback,1,Hybrid,1.5,13,4,Automatic,Front,4-doors,Left wheel,Blue,4,1134729
CHEVROLET,Sedan,1,Diesel,2,16,4,Tiptronic,Front,4-doors,Left wheel,Black,10,1143153
HYUNDAI,Jeep,1,Diesel,1.7,27,4,Automatic,Front,4-doors,Left wheel,White,4,2856789
JAGUAR,Sedan,1,Diesel,2.2,22,4,Automatic,Front,4-doors,Left wheel,White,4,4074057
HYUNDAI,Universal,1,Diesel,2.5,11,4,Automatic,Front,4-doors,Left wheel,Yellow,4,1568889
TOYOTA,Jeep,1,Petrol,2,21,4,Automatic,Front,4-doors,Left wheel,Grey,12,177795
CHEVROLET,Sedan,2,Petrol,1.4,17,4,Automatic,Front,4-doors,Left wheel,Black,0,1016064
MERCEDES-BENZ,Sedan,2,Petrol,1.8,12,4,Automatic,Rear,4-doors,Left wheel,Black,4,388800
CHEVROLET,Sedan,2,Petrol,1.4,6,4,Automatic,Front,4-doors,Left wheel,Silver,8,1193940
HYUNDAI,Sedan,1,Petrol,2,9,4,Automatic,Front,4-doors,Left wheel,Black,4,3934575
HYUNDAI,Sedan,1,Petrol,2,19,4,Automatic,Front,4-doors,Left wheel,White,4,762858
HYUNDAI,Jeep,1,Diesel,2,13,4,Automatic,Front,4-doors,Left wheel,Silver,4,1244727
TOYOTA,Hatchback,2,Hybrid,1.8,16,4,Variator,Front,2-doors,Left wheel,White,12,571536
TOYOTA,Hatchback,1,Hybrid,1.5,27,4,Variator,Front,4-doors,Left wheel,White,8,1397169
AUDI,Sedan,1,Petrol,1.8,22,4,Tiptronic,4x4,4-doors,Left wheel,Grey,6,753300
LEXUS,Sedan,1,Petrol,2,11,4,Tiptronic,Rear,4-doors,Left wheel,White,6,5588514
MERCEDES-BENZ,Jeep,1,CNG,3.5,21,6,Tiptronic,4x4,4-doors,Left wheel,Grey,12,1778193
HYUNDAI,Sedan,1,Petrol,2,17,4,Automatic,Front,4-doors,Left wheel,White,4,4268376
TOYOTA,Sedan,1,Petrol,1.8,12,4,Automatic,Front,4-doors,Left wheel,Grey,12,234981
FORD,Sedan,1,Hybrid,2,6,4,Automatic,Front,4-doors,Left wheel,White,0,304803
BMW,Sedan,1,Petrol,2.5,9,6,Tiptronic,Rear,4-doors,Right-hand drive,White,12,1016064
BMW,Sedan,1,Petrol,3,19,6,Tiptronic,Rear,4-doors,Left wheel,White,12,1524177
MERCEDES-BENZ,Sedan,1,Diesel,3,13,6,Tiptronic,Rear,4-doors,Left wheel,Black,12,3810402
TOYOTA,Sedan,1,Hybrid,1.8,16,4,Automatic,Front,4-doors,Left wheel,Black,10,1244727
FORD,Sedan,1,Petrol,2,27,4,Tiptronic,Front,4-doors,Left wheel,Silver,0,1673865
CHEVROLET,Sedan,2,Petrol,1.4,22,4,Automatic,Front,4-doors,Left wheel,White,8,1371735
DAEWOO,Sedan,1,Petrol,1.6,11,4,Automatic,Front,4-doors,Left wheel,Silver,4,338580
FORD,Microbus,2,Diesel,2.5,21,4,Manual,Rear,4-doors,Left wheel,White,4,1168506
LAND ROVER,Jeep,1,Petrol,2.5,17,4,Automatic,4x4,4-doors,Left wheel,Green,6,381024
TOYOTA,Sedan,2,Hybrid,1.5,12,4,Automatic,Front,4-doors,Left wheel,Golden,12,838269
HYUNDAI,Sedan,2,Petrol,1.8,6,4,Tiptronic,Front,5 or more,Left wheel,Grey,6,1600317
TOYOTA,Hatchback,2,Hybrid,1.5,9,4,Automatic,Front,4-doors,Left wheel,Black,4,1041498
NISSAN,Sedan,2,Petrol,1.8,19,4,Automatic,Front,4-doors,Left wheel,Silver,6,914490
HYUNDAI,Jeep,1,Diesel,2,13,4,Automatic,Front,4-doors,Left wheel,Black,4,3621591
MERCEDES-BENZ,Sedan,1,Petrol,2.1,16,4,Tiptronic,4x4,4-doors,Left wheel,Black,10,4064418
LEXUS,Jeep,1,Petrol,4.7,27,8,Automatic,4x4,4-doors,Left wheel,Black,0,2489454
LEXUS,Jeep,1,Petrol,4.7,22,8,Automatic,4x4,4-doors,Left wheel,White,0,69822
TOYOTA,Sedan,2,Petrol,1.3,11,4,Automatic,Front,4-doors,Right-hand drive,Black,6,838269
FORD,Sedan,1,Hybrid,2,21,4,Automatic,Front,4-doors,Left wheel,Green,0,215946
CHEVROLET,Sedan,1,Petrol,1,17,4,Automatic,Front,4-doors,Left wheel,White,4,1066932
LEXUS,Jeep,1,Hybrid,3.5,12,6,Automatic,4x4,4-doors,Left wheel,Silver,12,1079568
HONDA,Jeep,1,Petrol,2.4,6,4,Automatic,4x4,4-doors,Left wheel,Brown,12,431811
HYUNDAI,Coupe,1,Petrol,2,9,4,Automatic,Front,4-doors,Left wheel,White,4,1588410
JEEP,Jeep,1,Petrol,2.4,19,4,Automatic,Front,4-doors,Left wheel,Grey,4,2853954
HYUNDAI,Sedan,2,Petrol,2.4,13,4,Automatic,Front,4-doors,Left wheel,Silver,0,1219293
MITSUBISHI,Jeep,2,Diesel,2.5,16,4,Manual,4x4,4-doors,Left wheel,White,2,2667249
LEXUS,Hatchback,1,Hybrid,1.8,27,4,Automatic,Front,4-doors,Left wheel,Carnelian red,10,1727406
HYUNDAI,Sedan,2,Petrol,2.4,22,4,Tiptronic,Front,4-doors,Left wheel,Silver,8,6480
FORD,Sedan,2,Petrol,2.5,11,4,Tiptronic,Front,4-doors,Left wheel,Grey,12,1193940
HYUNDAI,Minivan,1,Diesel,2.5,21,4,Automatic,Front,4-doors,Left wheel,Silver,4,3352347
TOYOTA,Sedan,1,Hybrid,2.5,17,4,Automatic,Front,4-doors,Left wheel,Black,12,20331
FORD,Goods wagon,2,Diesel,1.8,12,4,Manual,Front,4-doors,Left wheel,White,4,635040
SUBARU,Jeep,1,Petrol,2,6,4,Automatic,4x4,4-doors,Left wheel,Black,0,1574964
MERCEDES-BENZ,Sedan,1,Diesel,3.5,9,6,Automatic,4x4,4-doors,Left wheel,Black,12,38070
SUBARU,Jeep,2,Petrol,2.5,19,4,Tiptronic,4x4,4-doors,Left wheel,Grey,6,1143153
BMW,Jeep,1,Diesel,3,13,6,Automatic,4x4,4-doors,Left wheel,Black,0,812916
FORD,Goods wagon,2,Diesel,2.2,16,4,Manual,Front,4-doors,Left wheel,White,2,1232010
TOYOTA,Sedan,2,Hybrid,1.8,27,4,Automatic,Front,4-doors,Left wheel,Black,8,1346301
TOYOTA,Hatchback,1,Hybrid,1.5,22,4,Automatic,Front,4-doors,Left wheel,Brown,8,863703
TOYOTA,Hatchback,1,Hybrid,1.5,11,4,Variator,Front,4-doors,Right-hand drive,Red,8,1066932
HONDA,Jeep,2,Petrol,2,21,4,Automatic,4x4,4-doors,Right-hand drive,Silver,6,635040
OPEL,Hatchback,2,Diesel,1.3,17,4,Manual,Front,4-doors,Left wheel,Green,8,762048
TOYOTA,Jeep,2,Petrol,2.5,12,4,Automatic,4x4,4-doors,Left wheel,Black,4,4445442
NISSAN,Minivan,2,Petrol,3.5,6,6,Tiptronic,Rear,4-doors,Right-hand drive,Beige,12,1016064
NISSAN,Jeep,1,Petrol,2.5,9,4,Automatic,4x4,4-doors,Left wheel,Silver,12,69822
NISSAN,Hatchback,1,Petrol,1.5,19,4,Variator,Front,4-doors,Right-hand drive,Silver,4,685827
HYUNDAI,Jeep,1,Diesel,1.7,13,4,Automatic,Front,4-doors,Left wheel,Black,4,4739067
TOYOTA,Hatchback,1,Petrol,1.5,16,4,Automatic,Front,4-doors,Left wheel,Black,4,4318677
MERCEDES-BENZ,Sedan,1,Diesel,3.5,27,6,Automatic,4x4,4-doors,Left wheel,Black,12,133326
TOYOTA,Hatchback,1,Hybrid,1.5,22,4,Automatic,Front,4-doors,Left wheel,Red,12,266733
HYUNDAI,Sedan,1,Petrol,2,11,4,Automatic,Front,4-doors,Left wheel,Black,4,3481947
TOYOTA,Sedan,1,Hybrid,2.5,21,4,Automatic,Front,4-doors,Left wheel,Grey,12,57186
TOYOTA,Hatchback,1,Hybrid,1.8,17,4,Automatic,Front,4-doors,Left wheel,Grey,8,1447956
CHEVROLET,Sedan,2,Petrol,1.5,12,4,Tiptronic,Front,4-doors,Left wheel,White,12,1981422
TOYOTA,Sedan,1,Hybrid,2.5,6,4,Automatic,Front,4-doors,Left wheel,Black,12,20331
HONDA,Hatchback,2,Petrol,1.5,9,4,Manual,Front,4-doors,Right-hand drive,White,2,787482
HYUNDAI,Sedan,1,Petrol,1.6,19,4,Automatic,Front,4-doors,Left wheel,White,4,1641546
KIA,Jeep,2,Petrol,2.4,13,4,Manual,4x4,4-doors,Left wheel,Grey,2,635040
HYUNDAI,Sedan,1,CNG,2,16,4,Automatic,Front,4-doors,Left wheel,Orange,4,812916
MITSUBISHI,Jeep,2,Petrol,2,27,4,Automatic,4x4,4-doors,Left wheel,White,2,711261
MAZDA,Jeep,1,Petrol,2.3,22,4,Automatic,4x4,4-doors,Left wheel,Black,12,38070
FORD,Goods wagon,2,Diesel,1.8,11,4,Manual,Front,2-doors,Left wheel,White,4,685827
BMW,Sedan,1,Petrol,2,21,4,Automatic,4x4,4-doors,Left wheel,White,12,825552
KIA,Sedan,1,Petrol,2,17,4,Tiptronic,Front,4-doors,Left wheel,Black,0,1053000
TOYOTA,Sedan,1,Hybrid,2.5,12,4,Automatic,Front,4-doors,Left wheel,Blue,12,584253
HYUNDAI,Jeep,1,Diesel,1.7,6,4,Automatic,Front,4-doors,Left wheel,Grey,4,2692683
SUBARU,Hatchback,2,CNG,2,9,4,Automatic,4x4,4-doors,Right-hand drive,Silver,8,711261
LEXUS,Jeep,1,Hybrid,3.3,19,6,Automatic,4x4,4-doors,Left wheel,Black,12,2578311
SSANGYONG,Jeep,1,Diesel,2.2,13,4,Automatic,Front,4-doors,Left wheel,Silver,4,3267540
HONDA,Sedan,1,Petrol,2,16,4,Automatic,Front,4-doors,Left wheel,Black,4,4577229
LEXUS,Jeep,1,Petrol,4.7,27,8,Automatic,4x4,4-doors,Left wheel,Black,0,22842
CHEVROLET,Sedan,1,Petrol,2,22,4,Automatic,Front,4-doors,Left wheel,Black,4,1451763
FORD,Hatchback,2,Hybrid,2,11,4,Automatic,Front,4-doors,Left wheel,Grey,6,723978
BMW,Sedan,1,Petrol,3,21,6,Tiptronic,Rear,4-doors,Left wheel,Grey,6,2413233
TOYOTA,Sedan,1,Hybrid,2.5,17,4,Automatic,Front,4-doors,Left wheel,Black,12,279450
TOYOTA,Hatchback,2,Petrol,1,12,3,Automatic,Front,4-doors,Right-hand drive,Yellow,4,533466
MERCEDES-BENZ,Microbus,2,Petrol,3.2,6,6,Manual,Rear,4-doors,Left wheel,White,1,838269
BMW,Coupe,2,Diesel,2,9,4,Manual,Rear,2-doors,Left wheel,Blue,4,863703
TOYOTA,Hatchback,2,Hybrid,1.5,19,4,Variator,Front,4-doors,Right-hand drive,White,2,1232010
LEXUS,Sedan,1,Hybrid,2.5,13,4,Automatic,Front,4-doors,Left wheel,Grey,12,3734181
FORD,Goods wagon,2,Diesel,2.5,16,4,Manual,Rear,4-doors,Left wheel,White,6,1143153
FORD,Sedan,2,Petrol,2,27,4,Automatic,Front,4-doors,Left wheel,Grey,6,787482
KIA,Jeep,1,Diesel,2,22,4,Tiptronic,Front,4-doors,Left wheel,White,5,1168506
HYUNDAI,Sedan,1,CNG,2,11,4,Automatic,Front,4-doors,Left wheel,Orange,4,749412
BMW,Sedan,2,Diesel,2,21,4,Manual,Rear,4-doors,Left wheel,Black,8,812916
TOYOTA,Hatchback,2,Petrol,1.5,17,4,Manual,Front,4-doors,Right-hand drive,Silver,2,889056
HONDA,Jeep,2,Petrol,2.4,12,4,Automatic,4x4,4-doors,Left wheel,Silver,6,1397169
LEXUS,Jeep,1,Hybrid,3.5,6,6,Automatic,Front,4-doors,Left wheel,Grey,12,2819691
MERCEDES-BENZ,Sedan,1,Petrol,2,9,4,Automatic,4x4,4-doors,Left wheel,Black,12,38070
BMW,Coupe,1,Petrol,1.8,19,4,Manual,Rear,2-doors,Left wheel,Black,4,685827
ISUZU,Jeep,2,Petrol,3.2,13,6,Automatic,4x4,4-doors,Left wheel,Carnelian red,6,635040
HYUNDAI,Jeep,1,Diesel,2,16,4,Automatic,Front,4-doors,Left wheel,Black,4,2090610
MITSUBISHI,Jeep,2,Petrol,2,27,4,Automatic,4x4,4-doors,Left wheel,White,0,4860
TOYOTA,Sedan,1,Petrol,1.8,22,4,Automatic,Front,4-doors,Left wheel,Silver,12,419175
TOYOTA,Sedan,1,Hybrid,2.5,11,4,Automatic,Front,4-doors,Left wheel,White,12,254016
HONDA,Sedan,2,CNG,1.3,21,4,Tiptronic,Front,4-doors,Left wheel,White,8,1219293
KIA,Sedan,1,Petrol,2.4,17,4,Automatic,4x4,2-doors,Left wheel,Silver,12,977994
AUDI,Coupe,1,Petrol,3.2,12,6,Tiptronic,4x4,2-doors,Left wheel,Black,6,1981422
VOLKSWAGEN,Sedan,1,Petrol,2,6,4,Manual,Front,4-doors,Left wheel,Black,4,364500
HYUNDAI,Jeep,1,Diesel,2,9,4,Automatic,Front,4-doors,Left wheel,White,4,3278151
HYUNDAI,Sedan,1,CNG,2,19,4,Automatic,Front,4-doors,Left wheel,White,4,762858
BMW,Jeep,1,Petrol,3.5,13,6,Tiptronic,4x4,4-doors,Left wheel,Black,12,2921265
BMW,Jeep,1,Diesel,3,16,6,Automatic,4x4,4-doors,Left wheel,Silver,0,2540241
NISSAN,Sedan,1,Petrol,1.6,27,4,Automatic,4x4,4-doors,Left wheel,White,0,38070
HYUNDAI,Sedan,1,CNG,2,22,4,Automatic,Front,4-doors,Left wheel,Orange,4,749412
NISSAN,Hatchback,1,Petrol,1.6,11,4,Automatic,Front,4-doors,Left wheel,Black,12,254016
HYUNDAI,Sedan,1,CNG,2,21,4,Automatic,Front,4-doors,Left wheel,Silver,4,812916
HONDA,Hatchback,2,Petrol,1.5,17,4,Automatic,Front,4-doors,Left wheel,Blue,0,1155789
AUDI,Sedan,1,Petrol,2,12,4,Automatic,4x4,4-doors,Left wheel,Blue,0,406458
TOYOTA,Sedan,1,Petrol,2.5,6,4,Automatic,Front,4-doors,Left wheel,White,8,1587681
FORD,Sedan,1,Petrol,1.5,9,4,Automatic,Front,4-doors,Left wheel,Black,12,381024
HONDA,Jeep,2,Petrol,2.4,19,4,Tiptronic,4x4,4-doors,Left wheel,Grey,8,1447956
CHEVROLET,Sedan,1,Petrol,1.8,13,4,Automatic,Front,4-doors,Left wheel,Black,4,1358046
HONDA,Hatchback,2,Petrol,1.3,16,4,Automatic,Front,4-doors,Right-hand drive,Silver,4,2430
TOYOTA,Sedan,1,Hybrid,2.5,27,4,Automatic,Front,4-doors,Left wheel,Black,12,2489454
DAEWOO,Sedan,1,Petrol,1.6,22,4,Automatic,Front,4-doors,Left wheel,White,4,571536
MERCEDES-BENZ,Sedan,1,Diesel,3.5,11,6,Automatic,Rear,4-doors,Left wheel,Black,12,406458
HYUNDAI,Jeep,1,Diesel,2,21,4,Automatic,Front,4-doors,Left wheel,White,4,4411098
TOYOTA,Minivan,1,Hybrid,1.8,17,4,Variator,Front,4-doors,Left wheel,White,10,1905201
TOYOTA,Sedan,1,Petrol,2.5,12,4,Automatic,Front,4-doors,Left wheel,White,12,3226149
KIA,Minivan,1,Diesel,2.2,6,4,Automatic,Front,4-doors,Left wheel,White,4,1013553
HONDA,Minivan,2,Petrol,2,9,4,Automatic,Front,2-doors,Right-hand drive,White,2,762048
TOYOTA,Jeep,1,Petrol,5.7,19,8,Automatic,Rear,4-doors,Left wheel,Grey,12,914490
CHEVROLET,Sedan,2,Petrol,1.4,13,4,Manual,Front,4-doors,Left wheel,White,10,1397169
TOYOTA,Hatchback,2,Hybrid,1.5,16,4,Automatic,Front,4-doors,Right-hand drive,Silver,0,1219293
OPEL,Sedan,2,CNG,1.6,27,4,Automatic,Front,4-doors,Left wheel,Beige,2,218700
LEXUS,Hatchback,1,Hybrid,1.8,22,4,Automatic,Front,4-doors,Left wheel,Black,0,482679
TOYOTA,Sedan,1,Hybrid,2.5,11,4,Automatic,Front,4-doors,Left wheel,White,12,444528
HYUNDAI,Sedan,1,Petrol,1.6,21,4,Automatic,Front,4-doors,Left wheel,Silver,4,913194
VOLKSWAGEN,Sedan,1,Petrol,1.8,17,4,Tiptronic,Front,4-doors,Right-hand drive,Black,12,1701000
HYUNDAI,Sedan,1,Petrol,1.6,12,4,Automatic,Front,4-doors,Left wheel,White,4,2311092
DODGE,Sedan,1,Petrol,2.4,6,4,Automatic,Front,4-doors,Left wheel,White,4,1473309
TOYOTA,Sedan,1,Hybrid,1.5,9,4,Automatic,Front,4-doors,Left wheel,White,6,889056
OPEL,Hatchback,2,Petrol,1.8,19,4,Manual,Front,4-doors,Left wheel,Green,2,381024
MERCEDES-BENZ,Jeep,1,Diesel,3.5,13,6,Automatic,4x4,4-doors,Left wheel,White,12,7614
TOYOTA,Hatchback,1,Petrol,1.5,16,4,Automatic,Front,4-doors,Left wheel,Blue,4,1021167
HONDA,Jeep,1,CNG,2,27,4,Manual,4x4,4-doors,Right-hand drive,Silver,8,736695
DODGE,Coupe,1,Petrol,3.6,22,6,Automatic,Rear,2-doors,Left wheel,Black,12,247698
HONDA,Minivan,2,Petrol,1.7,11,4,Automatic,Front,4-doors,Right-hand drive,Silver,4,558819
FORD,Microbus,2,Diesel,2.2,21,4,Manual,Rear,4-doors,Left wheel,White,2,2921265
